Symbol,Price~,"Exp Date",Type,Strike,DTE,"Bid x Size","Ask x Size",Trade,Size,Side,Premium,Volume,"Open Int",IV,Delta,Code,*,Time
$SPX,7733.48,2026-12-18,Call,7000,112,"897.30 x 17","903.80 x 17",897.78,2000,mid,179556000,3509,183868,19.08%,0.86594273055696,CBMO,N/A,"10:54:16 ET"
$SPX,7733.48,2026-12-18,Call,7000,112,"896.20 x 17","902.80 x 17",897.78,1500,mid,134667000,3509,183868,19.08%,0.86594273055696,CBMO,N/A,"10:55:23 ET"
$SPX,7711.04,2026-10-16,Call,7000,49,"753.30 x 4","760.50 x 7",768.23,1500,ask,115234500,1510,122583,19.27%,0.93004108043933,CBMO,N/A,"13:02:08 ET"
$SPX,7709.47,2026-10-16,Call,7000,49,"762.10 x 11","768.20 x 11",768.23,1500,ask,115234500,3010,122583,19.17%,0.93066384920531,CBMO,N/A,"14:13:14 ET"
$SPX,7714.05,2027-06-17,Call,7800,293,"545.70 x 13","547.70 x 13",547.85,2000,ask,109570000,2000,6132,16.43%,0.585476269781,CBMO,N/A,"11:54:37 ET"
$SPXW,7707.01,2026-10-09,Call,6000,42,"1,720.70 x 1","1,739.50 x 1",1729,540,mid,93366000,540,1000,16.86%,0.99999619169889,CBMO,N/A,"15:04:48 ET"
$SPX,7714.05,2026-09-18,Call,7000,21,"736.00 x 7","739.60 x 7",744.47,1000,ask,74447000,1524,331391,28.25%,0.93293430319247,CBMO,N/A,"12:01:39 ET"
$SPX,7709.47,2027-12-17,Put,8200,476,"632.70 x 11","634.80 x 17",634.01,1050,mid,66571000,1057,622,14.57%,-0.6249611675,CBMO,ToOpen,"14:02:28 ET"
$SPX,7733.48,2026-12-18,Put,8000,112,"312.60 x 22","313.50 x 13",314.96,2000,ask,62992000,3566,137406,12.42%,-0.6766804839,CBMO,N/A,"10:54:16 ET"
$SPX,7714.05,2027-06-17,Put,7800,293,"380.30 x 13","381.50 x 22",380,1400,bid,53200000,2004,6818,15.99%,-0.4586729548,CBMO,N/A,"11:54:37 ET"
$SPX,7733.48,2026-12-18,Put,8000,112,"313.40 x 16","314.60 x 22",314.96,1500,ask,47243900,3566,137406,12.42%,-0.6766804839,CBMO,N/A,"10:55:23 ET"
$SPX,7733.48,2027-07-16,Call,8050,322,"445.80 x 31","448.00 x 12",459.22,1000,ask,45922000,1000,554,15.82%,0.5164461685592,CBMO,BuyToOpen,"11:45:43 ET"
$SPX,7711.04,2026-10-16,Put,8000,49,"293.60 x 26","298.20 x 18",286.7,1500,bid,43005000,1506,121409,9.00%,-0.9356861005,CBMO,N/A,"13:02:08 ET"
$SPX,7709.47,2026-10-16,Put,8000,49,"285.50 x 12","290.00 x 18",286.7,1500,mid,43005000,3006,121409,8.49%,-0.9528713087,CBMO,N/A,"14:13:14 ET"
$SPX,7711.04,2026-12-18,Call,7000,112,"844.40 x 25","850.60 x 29",848.27,500,mid,42413500,4012,183868,18.91%,0.86188605229875,CBMO,N/A,"13:07:17 ET"
$SPX,7733.48,2027-07-16,Call,7500,322,"796.30 x 1","798.40 x 1",813.14,500,ask,40657000,1000,7580,18.03%,0.68210291096185,CBMO,N/A,"11:45:44 ET"
$SPXW,7707.01,2026-10-09,Call,7000,42,"739.50 x 1","758.50 x 1",748.27,540,mid,40406500,540,0,19.03%,0.94397163286683,CBMO,ToOpen,"15:04:48 ET"
$SPX,7733.48,2027-12-17,Put,8150,476,"595.60 x 18","597.90 x 17",596.36,640,mid,38167000,742,3110,15.17%,-0.5571365091,CBMO,N/A,"11:19:04 ET"
$SPX,7733.48,2026-12-18,Call,8000,112,"159.30 x 65","160.30 x 48",158.49,2000,bid,31698000,3920,157323,12.88%,0.39219378541133,CBMO,N/A,"10:54:16 ET"
$SPX,7708.91,2027-03-19,Put,7750,203,"300.50 x 25","301.30 x 15",299.6,1000,bid,29960000,1447,3490,15.13%,-0.4526673978,CBMO,N/A,"14:29:35 ET"
$SPX,7709.47,2027-03-19,Call,8000,203,"275.50 x 28","276.50 x 11",274.78,1000,bid,27478000,3090,38380,14.17%,0.4652604559183,MFSL,N/A,"14:11:39 ET"
$SPX,7709.47,2027-03-19,Call,8000,203,"274.10 x 26","274.90 x 29",274.48,1000,mid,27448000,3090,38380,14.17%,0.4652604559183,MFSL,N/A,"14:15:35 ET"
$SPX,7714.05,2026-09-18,Put,8000,21,"269.40 x 11","272.40 x 11",264.66,1000,bid,26466000,1534,266021,0.00%,0,CBMO,N/A,"12:01:39 ET"
$SPX,7733.48,2027-12-17,Put,7100,476,"298.60 x 38","300.70 x 30",299.12,800,mid,23929600,1057,2899,20.44%,-0.2597382055,CBMO,N/A,"11:19:04 ET"
$SPX,7733.48,2026-12-18,Call,8000,112,"158.70 x 41","159.60 x 86",158.49,1500,bid,23773500,3920,157323,12.88%,0.39219378541133,CBMO,N/A,"10:55:22 ET"
$SPX,7714.05,2027-06-17,Put,7800,293,"380.20 x 6","381.50 x 22",380,600,bid,22800000,2004,6818,15.99%,-0.4586729548,CBMO,N/A,"11:54:37 ET"
$SPX,7714.05,2026-09-18,Put,7800,21,"106.80 x 31","107.80 x 45",106,2000,bid,21200000,2929,23786,10.72%,-0.6499652481,CBMO,N/A,"11:54:37 ET"
$SPX,7733.48,2026-10-16,Call,7900,49,"89.40 x 54","90.20 x 26",90.55,2000,ask,18110000,2569,13132,11.34%,0.35483991740546,MFSL,N/A,"11:04:03 ET"
$SPX,7711.04,2026-12-18,Put,8000,112,"346.40 x 14","347.60 x 9",346.55,500,mid,17327500,4077,137406,12.12%,-0.6971839615,CBMO,N/A,"13:07:17 ET"
$SPX,7714.05,2027-01-15,Call,8300,140,"83.90 x 169","85.10 x 179",84,2000,mid,16800000,2000,3116,12.50%,0.23691613463667,CBMO,N/A,"12:11:33 ET"
$SPX,7709.47,2027-03-19,Call,8000,203,"275.10 x 24","276.00 x 15",275.08,500,bid,13754000,3090,38380,14.17%,0.4652604559183,MFSL,N/A,"14:10:35 ET"
$SPX,7709.47,2027-03-19,Put,7000,203,"135.60 x 6","136.30 x 143",137,1000,ask,13700000,3526,74145,20.06%,-0.1998151109,MFSL,N/A,"14:11:39 ET"
$SPX,7709.47,2027-03-19,Put,7000,203,"136.10 x 20","136.70 x 40",137,1000,ask,13700000,3526,74145,20.06%,-0.1998151109,MFSL,N/A,"14:15:35 ET"
$SPX,7733.48,2026-12-18,Put,7500,112,"135.70 x 87","136.50 x 76",135.15,1000,bid,13515000,1340,29270,16.09%,-0.3122868106,CBMO,N/A,"11:39:28 ET"
$SPX,7711.04,2026-10-16,Call,7750,49,"135.30 x 21","136.20 x 17",134.94,1000,bid,13494000,4058,5182,12.04%,0.50826173377246,CBMO,N/A,"13:33:33 ET"
$SPX,7733.48,2026-12-18,Put,7000,112,"66.90 x 64","67.50 x 154",67.45,2000,mid,13490000,5353,189062,20.30%,-0.1506661711,CBMO,N/A,"10:54:16 ET"
$SPX,7733.48,2027-03-19,Put,7000,203,"130.70 x 213","132.00 x 244",131.67,1000,mid,13167000,1023,74145,20.23%,-0.1955635214,CBMO,N/A,"10:39:16 ET"
$SPX,7711.04,2026-10-16,Put,7750,49,"140.50 x 17","141.40 x 17",141.83,900,ask,12764700,4767,3513,12.14%,-0.5097522433,CBMO,N/A,"13:33:33 ET"
$SPX,7733.48,2027-02-19,Put,7450,175,"180.30 x 164","181.50 x 79",178.6,700,bid,12502000,700,404,16.84%,-0.3098161133,CBMO,SellToOpen,"11:40:19 ET"
$SPX,7711.76,2026-10-16,Put,7400,49,"51.70 x 134","52.20 x 144",52,2300,mid,11960000,3822,17529,15.67%,-0.2054947218,MLET,N/A,"15:54:01 ET"
$SPX,7733.48,2027-02-19,Put,6800,175,"89.50 x 307","90.30 x 56",89,1200,bid,10680000,1401,3326,21.44%,-0.1475329557,CBMO,N/A,"11:40:19 ET"
$SPX,7711.76,2026-10-16,Put,7350,49,"45.80 x 10","46.20 x 70",45.96,2283,mid,10492600,3390,7919,16.24%,-0.1813842471,MLET,N/A,"15:54:01 ET"
$SPX,7733.48,2026-12-18,Put,7000,112,"68.60 x 216","69.40 x 285",69.06,1500,mid,10359000,5353,189062,20.30%,-0.1506661711,CBMO,N/A,"10:39:16 ET"
$SPXW,7727.89,2026-09-25,Put,7750,28,"102.20 x 11","103.10 x 3",103.4,1000,ask,10340000,1052,293,11.72%,-0.5066495912,CBMO,BuyToOpen,"10:07:28 ET"
$SPX,7733.48,2026-12-18,Put,7000,112,"66.90 x 302","67.70 x 200",67.45,1500,mid,10117500,5353,189062,20.30%,-0.1506661711,CBMO,N/A,"10:55:22 ET"
$SPX,7733.48,2026-10-16,Put,7450,49,"53.00 x 148","53.80 x 57",53.85,1860,ask,10016100,2904,6184,15.35%,-0.2214151647,MFSL,N/A,"10:41:17 ET"
$SPX,7733.48,2026-10-16,Put,7445,49,"52.30 x 152","53.10 x 63",53.15,1860,ask,9885900,2463,2504,15.40%,-0.2185698835,MFSL,N/A,"10:41:17 ET"
$SPX,7714.05,2027-01-15,Call,8250,140,"95.90 x 85","97.00 x 28",96.79,1000,mid,9679000,1103,1458,12.61%,0.26374991703008,CBMO,N/A,"12:15:14 ET"
$SPXW,7722.29,2026-09-30,Put,7700,33,"95.80 x 34","96.40 x 32",96.06,971,mid,9327400,2438,22010,12.24%,-0.4354385862,MLET,N/A,"12:23:14 ET"
$SPX,7711.76,2026-11-20,Put,7500,84,"114.20 x 63","115.50 x 38",114.63,750,mid,8597200,1266,8541,15.41%,-0.3070494793,MFSL,N/A,"16:22:18 ET"
$SPX,7733.48,2026-09-18,Call,7800,21,"56.10 x 31","56.70 x 68",55.4,1400,bid,7756000,4740,44309,10.25%,0.40084944227513,MFSL,N/A,"10:38:43 ET"
$SPX,7714.05,2026-09-18,Call,7800,21,"54.00 x 80","54.60 x 36",55,1400,ask,7700000,6819,44309,10.29%,0.36237764893917,CBMO,N/A,"11:54:37 ET"
$SPX,7708.91,2027-12-17,Call,9300,476,"149.90 x 36","151.60 x 31",151.8,500,ask,7590000,1000,2979,14.16%,0.22589933136635,CBMO,N/A,"14:29:35 ET"
$SPX,7711.04,2026-10-16,Call,7750,49,"131.60 x 51","132.60 x 16",135.32,550,ask,7442600,4058,5182,12.04%,0.50826173377246,CBMO,N/A,"13:40:00 ET"
$SPX,7711.04,2026-10-16,Put,7750,49,"144.10 x 19","145.10 x 18",141.28,500,bid,7064000,4767,3513,12.14%,-0.5097522433,CBMO,N/A,"13:40:00 ET"
$SPX,7709.47,2027-03-19,Put,7000,203,"135.70 x 39","136.40 x 115",137,500,ask,6850000,3526,74145,20.06%,-0.1998151109,MFSL,N/A,"14:10:35 ET"
$SPX,7711.76,2026-11-20,Call,8000,84,"88.80 x 45","90.10 x 72",89.63,750,mid,6722200,1375,23702,11.91%,0.32125771096573,MFSL,N/A,"16:22:18 ET"
$SPX,7711.04,2026-12-18,Call,8000,112,"133.10 x 51","134.00 x 20",133.81,500,mid,6690500,4445,157323,12.68%,0.37434397583676,CBMO,N/A,"13:07:17 ET"
$SPX,7733.48,2026-09-18,Call,7780,21,"79.40 x 72","80.10 x 45",81.1,800,ask,6487900,2121,12925,10.41%,0.44268785031157,MFSL,N/A,"11:04:03 ET"
$SPX,7733.48,2026-10-16,Put,7750,49,"127.50 x 19","128.40 x 9",128.63,500,ask,6431500,2610,3513,12.35%,-0.4818878484,CBMO,N/A,"11:50:12 ET"
$SPX,7733.48,2026-09-18,Put,7780,21,"80.30 x 32","80.90 x 50",80.1,800,bid,6407900,2153,11746,10.72%,-0.5692479016,MFSL,N/A,"11:04:03 ET"
$SPX,7733.48,2026-09-18,Call,7800,21,"67.00 x 22","67.60 x 48",69.02,900,ask,6211800,4740,44309,10.25%,0.40084944227513,CBMO,N/A,"11:08:12 ET"
$SPX,7711.76,2026-10-16,Put,6700,49,"13.40 x 411","13.70 x 354",13.54,4566,mid,6182300,6968,12551,24.24%,-0.0465251545,MLET,N/A,"15:54:01 ET"
$SPX,7709.28,2026-10-16,Put,7700,49,"118.70 x 54","119.40 x 38",119.12,500,mid,5956000,4336,10122,12.46%,-0.4511208609,MLET,N/A,"15:26:56 ET"
$SPXW,7760.51,2026-09-17,Call,7770,20,"75.00 x 19","75.60 x 6",72.06,800,bid,5764800,1001,54,10.23%,0.51754616014509,CBMO,SellToOpen,"10:50:13 ET"
$SPXW,7759.05,2026-09-30,Put,7700,33,"78.10 x 20","78.50 x 17",76.8,750,bid,5760000,1410,22010,12.40%,-0.3850616137,CBMO,N/A,"11:09:44 ET"
$SPX,7711.04,2026-10-16,Call,8000,49,"35.20 x 22","36.10 x 34",38.36,1500,ask,5754000,3679,132588,10.71%,0.21440635136463,CBMO,N/A,"13:02:08 ET"
$SPX,7709.47,2026-10-16,Call,8000,49,"36.20 x 83","36.80 x 140",38.36,1500,ask,5754000,5185,132588,10.69%,0.21243995427473,CBMO,N/A,"14:13:14 ET"
$SPXW,7712.44,2026-09-08,Put,7675,11,"36.00 x 17","36.40 x 7",36.7,1500,ask,5505000,1555,413,10.09%,-0.3684239282,CBMO,BuyToOpen,"13:44:19 ET"
$SPX,7711.76,2026-10-16,Put,6600,49,"11.60 x 372","11.90 x 552",11.77,4566,mid,5374100,7647,18798,25.52%,-0.0391510254,MLET,N/A,"15:54:01 ET"
$SPX,7709.47,2026-09-18,Call,7720,21,"82.30 x 58","82.90 x 50",82.5,640,mid,5280000,3336,5392,10.70%,0.51636545383923,MFSL,N/A,"14:15:35 ET"
$SPX,7709.47,2026-09-18,Call,7720,21,"83.90 x 23","84.50 x 20",82.5,640,bid,5280000,3336,5392,10.70%,0.51636545383923,MFSL,N/A,"14:11:39 ET"
$SPX,7708.91,2026-09-18,Call,7725,21,"78.20 x 54","78.80 x 115",80,650,ask,5200000,2105,7270,10.65%,0.50515132191986,CBMO,N/A,"14:29:35 ET"
$SPX,7740.12,2026-10-16,Put,7700,49,"114.00 x 66","114.60 x 33",114.5,451,mid,5163900,1477,10122,12.88%,-0.4174125496,MLET,N/A,"09:56:05 ET"
$SPX,7709.47,2026-09-18,Put,7720,21,"79.60 x 45","80.20 x 70",80.5,640,ask,5152000,3467,5425,11.17%,-0.4938980939,MFSL,N/A,"14:15:35 ET"
$SPX,7709.47,2026-09-18,Put,7720,21,"78.10 x 14","78.50 x 47",80.5,640,ask,5152000,3467,5425,11.17%,-0.4938980939,MFSL,N/A,"14:11:39 ET"
$SPX,7709.28,2026-10-16,Put,7700,49,"119.60 x 57","120.40 x 12",119.64,400,mid,4785600,4336,10122,12.46%,-0.4511208609,CBMO,N/A,"15:35:24 ET"
$SPX,7733.48,2026-09-18,Call,7800,21,"67.50 x 54","68.10 x 88",68.01,700,mid,4760700,4740,44309,10.25%,0.40084944227513,MFSL,N/A,"11:30:13 ET"
$SPX,7711.04,2026-10-16,Call,8000,49,"39.30 x 124","40.00 x 101",39.45,1200,mid,4734000,3679,132588,10.71%,0.21440635136463,CBMO,N/A,"12:53:36 ET"
$SPX,7733.48,2026-09-18,Call,7740,21,"87.70 x 24","88.30 x 30",87.2,532,bid,4639000,1396,7203,10.72%,0.52444156496155,MFSL,N/A,"10:38:43 ET"
$SPX,7733.48,2026-10-16,Put,7700,49,"103.20 x 95","104.00 x 31",104.56,438,ask,4579700,2159,10122,12.80%,-0.4247307144,CBMO,N/A,"11:14:25 ET"
$SPX,7709.47,2026-09-18,Put,7750,21,"91.20 x 66","91.90 x 46",91.31,500,mid,4565500,5470,20288,10.83%,-0.5561078158,CBMO,N/A,"14:11:41 ET"
$SPXW,7722.29,2026-09-30,Put,7500,33,"46.20 x 38","46.50 x 24",46.36,971,mid,4501500,2360,26638,14.52%,-0.2246990589,MLET,N/A,"12:23:14 ET"
$SPX,7733.48,2026-09-18,Put,7800,21,"89.80 x 78","90.40 x 27",89.99,500,mid,4499500,929,23786,10.57%,-0.6118173734,MFSL,N/A,"11:30:13 ET"
$SPX,7740.12,2026-09-18,Put,7750,21,"89.30 x 45","90.20 x 25",89.36,500,mid,4468000,1965,20288,11.16%,-0.4925461528,CBMO,N/A,"10:12:13 ET"
$SPX,7709.28,2026-10-16,Put,7525,49,"72.40 x 22","72.90 x 67",72.7,600,mid,4362000,619,960,14.19%,-0.2846333946,MFSL,N/A,"14:45:31 ET"
$SPX,7740.12,2026-09-18,Put,7745,21,"85.20 x 20","86.50 x 20",87,500,ask,4350000,874,3184,11.21%,-0.4824843973,CBMO,N/A,"10:07:28 ET"
$SPXW,7725.83,2026-10-30,Call,8100,63,"40.50 x 32","40.90 x 17",40.87,1036,mid,4234100,1074,3519,11.41%,0.20066594611761,MFSL,N/A,"12:00:16 ET"
$SPX,7714.05,2026-10-16,Call,7875,49,"82.50 x 85","83.40 x 67",83.29,500,mid,4164500,1115,3575,11.42%,0.3618089799796,CBMO,N/A,"12:15:14 ET"
$SPX,7733.48,2026-10-16,Call,7925,49,"73.30 x 108","74.20 x 20",67.8,600,bid,4068000,650,1275,11.25%,0.3255655908007,CBMO,N/A,"10:50:20 ET"
$SPXW,7709.44,2026-08-28,Put,7750,0,"38.80 x 1","39.30 x 1",40.66,1000,ask,4066000,48017,2724,7.71%,-0.9097327505,CBMO,N/A,"13:33:33 ET"
$SPX,7733.48,2026-09-18,Call,7750,21,"81.70 x 32","82.40 x 73",81.23,500,bid,4061500,3041,26589,10.64%,0.50437999986684,CBMO,N/A,"11:50:12 ET"
$SPXW,7711.76,2026-09-30,Put,7500,33,"45.10 x 44","45.40 x 13",44.8,900,bid,4032000,5614,26638,14.29%,-0.2307849649,MFSL,N/A,"16:09:16 ET"
$SPX,7733.48,2026-09-18,Put,7740,21,"73.90 x 38","74.60 x 66",75.2,532,ask,4000600,1430,6906,11.14%,-0.4856609898,MFSL,N/A,"10:38:43 ET"
$SPX,7740.12,2026-09-18,Call,7745,21,"78.30 x 10","79.40 x 30",78,500,bid,3900000,875,3118,10.52%,0.52806206279317,CBMO,N/A,"10:07:28 ET"
$SPX,7711.04,2026-12-18,Put,7000,112,"74.20 x 32","74.80 x 271",74.31,500,mid,3715500,5913,189062,20.15%,-0.1552675688,CBMO,N/A,"13:07:17 ET"
$SPX,7733.48,2026-09-18,Call,7780,21,"77.40 x 33","78.10 x 62",79.5,460,ask,3657000,2121,12925,10.41%,0.44268785031157,CBMO,N/A,"11:08:12 ET"
$SPX,7711.04,2026-09-18,Call,7720,21,"80.60 x 24","81.30 x 56",81,450,mid,3645000,1564,5392,10.74%,0.51949519433889,CBMO,N/A,"13:44:19 ET"
$SPXW,7727.86,2026-09-11,Put,7725,14,"51.50 x 38","51.90 x 32",51.76,698,mid,3612800,3415,359,10.54%,-0.4693862252,MFSL,N/A,"11:50:58 ET"
$SPXW,7711.9,2026-09-04,Put,7750,7,"59.70 x 6","59.90 x 2",59.84,600,mid,3590400,2444,2185,9.41%,-0.6340207394,MLET,N/A,"15:37:53 ET"
$SPX,7711.76,2026-09-18,Put,7720,21,"79.50 x 10","80.10 x 69",78.8,450,bid,3546000,7039,5425,11.16%,-0.4891491862,MFSL,N/A,"16:09:16 ET"
$SPX,7709.28,2026-09-18,Put,7700,21,"70.30 x 83","70.90 x 76",70.57,500,mid,3528500,4772,37803,11.24%,-0.4549382728,MLET,N/A,"15:26:56 ET"
$SPXW,7727.86,2026-08-28,Call,7750,0,"5.30 x 141","5.40 x 5",4.37,8000,bid,3496000,75804,4562,6.76%,0.21641370814124,MFSL,N/A,"11:55:00 ET"
$SPX,7711.76,2026-09-18,Call,7720,21,"79.10 x 8","80.40 x 24",80.2,427,mid,3424500,6894,5392,10.25%,0.52145554755255,MFSL,N/A,"16:22:18 ET"
$SPX,7709.47,2026-09-18,Call,7750,21,"67.30 x 25","67.80 x 20",67.72,500,mid,3386000,4817,26589,10.42%,0.45473872932589,CBMO,N/A,"14:11:41 ET"
$SPX,7711.76,2026-09-18,Put,7720,21,"79.10 x 33","80.40 x 27",79.2,427,mid,3381800,7039,5425,11.16%,-0.4891491862,MFSL,N/A,"16:22:18 ET"
$SPX,7733.48,2026-09-18,Put,7780,21,"81.70 x 67","82.50 x 60",81.5,414,bid,3374100,2153,11746,10.72%,-0.5692479016,CBMO,N/A,"11:08:12 ET"
$SPX,7709.47,2026-10-16,Put,7000,49,"22.10 x 643","22.50 x 237",22.22,1500,mid,3333000,3495,134299,20.47%,-0.083029797,CBMO,N/A,"14:13:14 ET"
$SPX,7711.04,2026-10-16,Put,7000,49,"22.90 x 308","23.40 x 120",22.22,1500,bid,3333000,1995,134299,20.52%,-0.0831365294,CBMO,N/A,"13:02:08 ET"
$SPX,7714.05,2026-09-18,Call,7800,21,"54.10 x 14","54.70 x 10",55,600,ask,3300000,6819,44309,10.29%,0.36237764893917,CBMO,N/A,"11:54:37 ET"
$SPXW,7711.76,2026-09-30,Call,7900,33,"32.20 x 34","32.60 x 52",33,1000,ask,3300000,1880,10320,9.85%,0.24621724423059,MFSL,N/A,"16:09:16 ET"
$SPX,7711.76,2026-09-18,Call,7720,21,"79.20 x 20","79.90 x 50",80.8,405,ask,3272400,6894,5392,10.25%,0.52145554755255,MFSL,N/A,"16:09:16 ET"
$SPX,7742.62,2026-09-18,Put,7700,21,"61.30 x 21","61.80 x 31",62.08,500,ask,3104000,642,37803,11.87%,-0.3956611022,CBMO,N/A,"09:43:10 ET"
$SPX,7742.62,2026-09-18,Call,7800,21,"59.30 x 21","60.20 x 42",58.98,500,bid,2949000,504,44309,10.38%,0.42065173797353,CBMO,N/A,"09:43:10 ET"
$SPX,7740.12,2026-09-18,Put,7700,21,"64.50 x 64","65.10 x 76",64.7,451,mid,2917900,1929,37803,11.67%,-0.39889172,MLET,N/A,"09:56:05 ET"
$SPX,7733.48,2026-10-16,Put,7450,49,"53.60 x 160","54.40 x 65",54,540,mid,2916000,2904,6184,15.35%,-0.2214151647,MLET,N/A,"10:39:27 ET"
$SPX,7733.48,2026-10-16,Put,7445,49,"52.90 x 97","53.70 x 52",53.3,540,mid,2878200,2463,2504,15.40%,-0.2185698835,MLET,N/A,"10:39:27 ET"
$SPXW,7767.24,2026-09-15,Put,7650,18,"30.00 x 2","30.30 x 14",31.38,900,ask,2824200,1562,2437,11.52%,-0.2524519729,CBMO,N/A,"11:24:59 ET"
$SPX,7711.76,2026-10-16,Put,7400,49,"51.70 x 174","52.20 x 68",51.95,534,mid,2774100,3822,17529,15.67%,-0.2054947218,MLET,N/A,"15:53:43 ET"
$SPXW,7759.05,2026-09-30,Put,7500,33,"37.40 x 62","37.70 x 21",36.9,750,bid,2767500,1279,26638,14.68%,-0.1956254682,CBMO,N/A,"11:09:44 ET"
$SPX,7733.48,2027-02-19,Put,5900,175,"38.60 x 287","39.20 x 309",38.65,700,mid,2705500,700,1983,28.09%,-0.057659404,CBMO,N/A,"11:40:19 ET"
$SPX,7711.76,2026-10-16,Put,6700,49,"13.40 x 610","13.70 x 261",13.55,1992,mid,2699100,6968,12551,24.24%,-0.0465251545,MLET,N/A,"15:53:43 ET"
$SPX,7711.76,2026-11-20,Put,7100,84,"57.30 x 84","58.10 x 207",57.65,468,mid,2698000,2222,8449,19.16%,-0.1524108959,MLET,N/A,"15:54:59 ET"
$SPX,7742.62,2026-11-20,Put,6700,84,"32.40 x 30","32.70 x 199",32.3,800,bid,2583900,800,8706,23.45%,-0.0791339791,CBMO,N/A,"09:45:36 ET"
$SPX,7714.05,2026-09-18,Put,7650,21,"52.60 x 101","53.10 x 25",51.18,500,bid,2559000,1054,10370,12.31%,-0.3621887821,CBMO,N/A,"12:17:25 ET"
$SPX,7711.76,2026-10-16,Put,7350,49,"45.70 x 205","46.20 x 69",45.95,534,mid,2453700,3390,7919,16.24%,-0.1813842471,MLET,N/A,"15:53:43 ET"
$SPX,7711.76,2026-11-20,Put,7100,84,"57.50 x 230","58.10 x 157",57.85,415,mid,2400700,2222,8449,19.16%,-0.1524108959,MLET,N/A,"15:53:48 ET"
$SPX,7711.76,2026-11-20,Put,6500,84,"25.40 x 291","25.80 x 68",25.62,936,mid,2398000,3367,7503,25.16%,-0.0615984042,MLET,N/A,"15:54:59 ET"
$SPXW,7727.86,2026-08-28,Call,7755,0,"3.70 x 57","3.80 x 195",2.97,8000,bid,2376000,58600,2340,6.64%,0.16197310992987,MFSL,N/A,"11:55:00 ET"
$SPX,7711.76,2026-10-16,Put,7400,49,"51.70 x 174","52.20 x 68",51.97,456,mid,2369800,3822,17529,15.67%,-0.2054947218,MLET,N/A,"15:53:43 ET"
$SPXW,7711.9,2026-08-28,Put,7750,0,"38.90 x 15","39.80 x 20",39.34,600,mid,2360400,51179,2724,6.81%,-0.9243169059,MLET,N/A,"15:37:53 ET"
$SPXW,7730.32,2026-09-18,Call,7950,21,"11.80 x 1","12.00 x 38",11.8,2000,bid,2360000,2297,3160,9.52%,0.13055598627152,CBMO,N/A,"12:11:33 ET"
$SPXW,7765.95,2026-08-28,Put,7800,0,"34.10 x 7","34.40 x 1",33.59,700,bid,2351300,1553,1185,6.38%,-0.9119885995,MFSL,N/A,"11:30:13 ET"
$SPXW,7713.42,2026-10-30,Put,6900,63,"28.60 x 74","29.00 x 26",28.65,800,mid,2292000,1022,902,21.47%,-0.0870464703,CBMO,N/A,"15:48:30 ET"
$SPX,7740.12,2026-11-20,Put,7000,84,"50.30 x 249","51.20 x 307",50.74,450,mid,2283300,514,31829,20.39%,-0.1242737469,CBMO,N/A,"10:14:46 ET"
$SPXW,7714.17,2026-09-30,Put,7500,33,"45.30 x 24","45.60 x 3",45.3,500,bid,2265000,3724,26638,14.42%,-0.2305747574,CBMO,N/A,"13:54:40 ET"
$SPX,7733.48,2026-11-20,Call,8250,84,"40.50 x 170","41.10 x 120",37.5,600,bid,2250000,601,2237,11.66%,0.16461572701269,CBMO,N/A,"10:50:20 ET"
$SPX,7733.48,2026-12-18,Put,6625,112,"43.20 x 284","43.70 x 367",43.7,513,ask,2241800,614,2828,23.60%,-0.0918090831,CBMO,N/A,"11:17:53 ET"
$SPXW,7708.66,2026-08-28,Put,7750,0,"45.60 x 1","46.40 x 1",39.71,550,bid,2184000,48682,2724,8.62%,-0.8855472885,CBMO,N/A,"13:40:00 ET"
$SPX,7711.76,2026-11-20,Put,6500,84,"25.60 x 660","26.00 x 108",25.78,830,mid,2139700,3367,7503,25.16%,-0.0615984042,MLET,N/A,"15:53:48 ET"
$SPXW,7732.32,2026-09-01,Put,7725,4,"27.70 x 16","28.00 x 17",28.4,750,ask,2130000,823,481,8.82%,-0.4440972106,MFSL,BuyToOpen,"10:28:19 ET"
$SPXW,7710.57,2026-09-18,Call,7825,21,"35.60 x 29","35.90 x 10",36.59,580,ask,2122200,633,1618,10.00%,0.30312936452856,CBMO,N/A,"14:14:04 ET"
$SPX,7711.76,2026-10-16,Put,7350,49,"45.70 x 205","46.20 x 69",45.94,456,mid,2094800,3390,7919,16.24%,-0.1813842471,MLET,N/A,"15:53:43 ET"
$SPX,7740.12,2027-06-17,Call,9400,293,"34.50 x 141","35.20 x 183",34.8,600,mid,2088000,602,7875,13.00%,0.091002327430136,MFSL,N/A,"10:15:01 ET"
$SPX,7730.99,2026-09-18,Call,7850,21,"36.60 x 57","37.20 x 58",36.9,540,mid,1992600,1602,14088,10.41%,0.30295554641497,MLET,N/A,"09:19:36 ET"
$SPX,7740.12,2026-12-18,Put,6400,112,"35.50 x 555","36.40 x 497",36,540,mid,1944000,540,20441,25.63%,-0.0686578145,CBMO,N/A,"10:08:01 ET"
$SPX,7733.48,2026-09-18,Put,7600,21,"32.90 x 217","33.60 x 193",34.87,540,ask,1882900,3249,55495,12.81%,-0.2612180499,CBMO,N/A,"10:49:17 ET"
$SPXW,7767.24,2026-09-15,Put,7650,18,"30.00 x 2","30.30 x 14",31.38,600,ask,1882800,1562,2437,11.52%,-0.2524519729,CBMO,N/A,"11:24:59 ET"
$SPXW,7723.28,2026-09-25,Put,7480,28,"34.10 x 14","34.50 x 37",34.28,531,mid,1820200,547,48,14.74%,-0.193824233,MLET,ToOpen,"12:52:32 ET"
$SPX,7730.99,2026-10-16,Call,8050,49,"33.00 x 78","33.70 x 155",33.35,540,mid,1800900,1600,8682,11.03%,0.19556480905594,MLET,N/A,"09:19:36 ET"
$SPXW,7714.13,2026-08-28,Put,7750,0,"35.40 x 1","35.90 x 1",35.21,500,bid,1760500,49535,2724,0.00%,0,CBMO,N/A,"14:11:41 ET"
$SPX,7709.47,2026-12-18,Call,8400,112,"33.60 x 230","34.10 x 212",33.75,500,mid,1687500,750,17837,11.74%,0.13451150506411,CBMO,N/A,"14:00:25 ET"
$SPX,7733.48,2026-09-18,Put,7500,21,"22.70 x 234","23.30 x 170",23.65,700,ask,1655500,834,84152,14.29%,-0.1672728227,CBMO,N/A,"10:35:43 ET"
$SPXW,7726.9,2026-09-18,Call,7900,21,"22.10 x 3","22.60 x 35",22,700,bid,1540000,1795,3398,9.76%,0.19897174670935,CBMO,N/A,"10:20:37 ET"
$SPX,7711.76,2026-11-20,Put,6500,84,"25.40 x 585","25.90 x 86",25.64,580,mid,1487100,3367,7503,25.16%,-0.0615984042,MLET,N/A,"15:54:52 ET"
$SPX,7742.62,2026-09-18,Put,7225,21,"8.50 x 967","8.80 x 191",8.55,1724,mid,1474000,1728,6062,19.01%,-0.0567918315,MFSL,N/A,"09:44:17 ET"
$SPXW,7746.03,2026-09-18,Call,7900,21,"25.60 x 19","25.90 x 30",24.32,600,bid,1459200,723,3398,10.08%,0.23709063219243,CBMO,N/A,"09:41:41 ET"
$SPX,7733.48,2026-10-16,Call,8100,49,"27.80 x 259","28.50 x 173",28.18,500,mid,1409000,823,8448,10.67%,0.1497658843451,CBMO,N/A,"11:18:11 ET"
$SPXW,7712.44,2026-09-08,Put,7450,11,"5.50 x 54","5.80 x 49",5.8,2400,ask,1392000,3277,542,13.61%,-0.064307874,CBMO,BuyToOpen,"13:44:20 ET"
$SPXW,7711.76,2026-10-30,Call,8540,63,"2.85 x 66","3.00 x 66",2.95,4700,mid,1386500,4700,22,11.27%,0.021774780402351,MFSL,ToOpen,"16:00:59 ET"
$SPX,7733.48,2026-09-18,Call,7900,21,"20.70 x 54","21.20 x 173",19.5,700,bid,1365000,2224,24818,9.69%,0.20745246236601,CBMO,N/A,"10:35:43 ET"
$SPX,7733.48,2026-09-18,Call,7900,21,"28.80 x 96","29.20 x 15",29,440,mid,1276000,2224,24818,9.69%,0.20745246236601,AUTO,N/A,"11:07:36 ET"
$SPX,7711.76,2026-10-16,Put,6000,49,"5.40 x 1492","5.60 x 467",5.5,2300,mid,1265000,3964,23461,33.41%,-0.0158136216,MLET,N/A,"15:54:01 ET"
$SPX,7711.76,2026-10-16,Put,6600,49,"11.60 x 457","11.90 x 468",11.75,1068,mid,1254900,7647,18798,25.52%,-0.0391510254,MLET,N/A,"15:53:43 ET"
$SPX,7714.05,2026-09-18,Put,7500,21,"25.50 x 246","25.90 x 35",24.98,500,bid,1249000,1353,84152,14.43%,-0.1885311093,CBMO,N/A,"12:17:25 ET"
$SPXW,7716.58,2026-09-09,Call,7800,12,"20.30 x 22","20.70 x 10",20.4,600,mid,1224000,642,456,8.42%,0.26820223378057,CBMO,ToOpen,"12:53:36 ET"
$SPXW,7767.24,2026-09-10,Put,7600,13,"13.80 x 30","14.10 x 16",14.73,800,ask,1178400,1407,2104,11.95%,-0.1520672498,CBMO,N/A,"11:24:59 ET"
$SPXW,7714.17,2026-09-30,Call,7950,33,"22.90 x 17","23.20 x 64",23.2,500,ask,1160000,1087,4128,9.83%,0.18643507498727,CBMO,N/A,"13:54:40 ET"
$SPX,7711.76,2026-10-16,Put,6600,49,"11.60 x 457","11.90 x 468",11.76,924,mid,1086600,7647,18798,25.52%,-0.0391510254,MLET,N/A,"15:53:43 ET"
$SPX,7709.28,2026-10-16,Call,8200,49,"8.50 x 682","8.90 x 860",8.98,1200,ask,1077600,2692,24542,10.28%,0.068537893875878,CBMO,N/A,"15:47:14 ET"
$SPX,7733.48,2026-12-18,Call,8800,112,"9.10 x 99","9.30 x 83",8.94,1200,bid,1072800,2551,23640,11.79%,0.03881244145055,CBMO,N/A,"11:20:54 ET"
$SPX,7711.76,2026-10-16,Put,5850,49,"4.50 x 2210","4.70 x 337",4.6,2300,mid,1058000,3358,4527,35.38%,-0.0128023363,MLET,N/A,"15:54:01 ET"
$SPXW,7707.01,2026-10-09,Put,7000,42,"17.90 x 150","18.20 x 119",18.8,540,ask,1015200,547,101,20.74%,-0.0724299923,CBMO,BuyToOpen,"15:04:48 ET"
$SPX,7742.62,2026-12-18,Call,8600,112,"17.70 x 368","18.20 x 342",17.81,568,mid,1011600,1000,14203,11.81%,0.082027469163538,MLET,N/A,"09:36:08 ET"
$SPXW,7714.69,2026-08-28,Put,7725,0,"17.20 x 15","17.30 x 1",17.9,548,ask,980900,57242,2270,8.32%,-0.6147290701,MFSL,N/A,"12:21:43 ET"
$SPX,7709.47,2026-12-18,Call,8800,112,"6.30 x 442","6.60 x 691",6.45,1500,mid,967500,4821,23640,11.61%,0.032839361262479,CBMO,N/A,"14:00:25 ET"
$SPXW,7726.9,2026-09-04,Call,7810,7,"13.80 x 37","14.10 x 44",13.5,700,bid,945000,1111,1482,9.00%,0.21306090946792,CBMO,N/A,"10:20:37 ET"
$SPX,7709.28,2026-10-16,Put,6600,49,"11.50 x 426","11.80 x 974",11.68,800,mid,934400,1047,18798,25.42%,-0.0388693957,MFSL,N/A,"15:38:10 ET"
$SPX,7733.48,2027-03-19,Put,4300,203,"14.10 x 194","14.40 x 516",14.17,650,mid,921000,650,2627,40.72%,-0.0156836371,CBMO,N/A,"11:14:54 ET"
$SPX,7714.05,2026-09-18,Call,8000,21,"5.50 x 542","5.80 x 571",6.05,1500,ask,907500,4248,277116,9.45%,0.066461417905208,CBMO,N/A,"12:01:39 ET"
$SPX,7740.12,2026-09-18,Put,7385,21,"14.40 x 573","15.70 x 15",14.9,563,mid,838800,612,4432,16.20%,-0.1008578959,AUTO,N/A,"09:49:45 ET"
$SPX,7742.62,2026-09-18,Put,7200,21,"7.90 x 1093","8.30 x 1026",8,1024,mid,819200,1734,33118,19.45%,-0.0523706461,MFSL,N/A,"09:44:17 ET"
$SPXW,7767.24,2026-09-10,Put,7600,13,"13.80 x 30","14.10 x 16",14.72,550,ask,809600,1407,2104,11.95%,-0.1520672498,CBMO,N/A,"11:24:59 ET"
$SPX,7709.28,2026-10-16,Put,6800,49,"15.70 x 515","16.10 x 705",16.09,499,mid,802800,547,11625,22.87%,-0.0554389327,MLET,N/A,"14:47:51 ET"
$SPX,7740.12,2026-10-16,Put,6850,49,"16.70 x 491","17.50 x 175",17.29,460,mid,795300,1268,4863,22.63%,-0.0581905669,MLET,N/A,"10:06:37 ET"
$SPX,7714.05,2026-09-18,Put,7000,21,"5.30 x 2034","5.60 x 1904",5.3,1500,bid,795000,2268,346443,22.90%,-0.0335351794,CBMO,N/A,"12:01:39 ET"
$SPX,7733.48,2026-10-16,Call,8300,49,"7.10 x 808","7.50 x 907",7.32,1000,mid,732000,2811,12973,10.55%,0.046399734780005,CBMO,N/A,"11:18:11 ET"
$SPXW,7722.84,2026-08-28,Put,7715,0,"8.70 x 111","8.90 x 30",8.8,828,mid,728600,55530,1492,7.09%,-0.3823204476,MLET,N/A,"12:37:05 ET"
$SPX,7740.12,2026-10-16,Call,8300,49,"5.90 x 901","6.30 x 1093",6.05,1200,mid,726000,1604,12973,10.47%,0.04736581981698,CBMO,N/A,"09:56:28 ET"
$SPX,7733.48,2026-09-18,Put,7115,21,"6.00 x 1494","6.40 x 246",6.3,1151,mid,725100,1152,419,20.83%,-0.0416254001,AUTO,ToOpen,"11:47:59 ET"
$SPXW,7714.69,2026-08-28,Put,7715,0,"12.30 x 18","12.40 x 7",12.8,548,ask,701400,47783,1492,8.46%,-0.495889366,MFSL,N/A,"12:21:43 ET"
$SPX,7711.76,2026-10-16,Call,8200,49,"8.50 x 462","8.90 x 365",8.7,800,mid,695900,5168,24542,10.14%,0.066917986796027,CBMO,N/A,"16:01:47 ET"
$SPXW,7713.42,2026-09-04,Call,7810,7,"7.10 x 29","7.20 x 31",7.2,900,ask,648000,3120,1482,8.45%,0.1590089266825,SLFT,N/A,"15:52:28 ET"
$SPX,7711.76,2026-11-20,Put,5900,84,"13.20 x 1","13.40 x 562",13.29,468,mid,621900,1661,2093,31.40%,-0.0283584297,MLET,N/A,"15:54:59 ET"
$SPXW,7704.56,2026-08-28,Put,7690,0,"6.60 x 131","6.70 x 10",6.1,1000,bid,610000,51944,1809,7.67%,-0.3093734836,MFSL,N/A,"13:06:59 ET"
$SPX,7733.48,2027-06-17,Put,3500,293,"13.40 x 589","13.80 x 657",13.72,425,mid,583100,425,1080,44.22%,-0.011478417,MFSL,N/A,"10:42:00 ET"
$SPXW,7705.25,2026-09-02,Call,7760,5,"11.70 x 48","11.90 x 32",11.62,500,bid,581000,875,200,8.25%,0.2492127820404,CBMO,N/A,"13:19:18 ET"
$SPXW,7704.56,2026-08-28,Put,7700,0,"10.00 x 23","10.10 x 31",9.4,600,bid,564000,95697,7472,7.41%,-0.4300064386,MFSL,N/A,"13:06:59 ET"
$SPX,7742.62,2026-09-18,Put,7200,21,"7.90 x 916","8.30 x 974",8,700,mid,560000,1734,33118,19.45%,-0.0523706461,MFSL,N/A,"09:44:17 ET"
$SPX,7740.12,2026-09-18,Put,7300,21,"11.10 x 424","11.50 x 347",11.15,500,mid,557500,815,40654,17.59%,-0.0730184975,CBMO,N/A,"09:50:35 ET"
$SPXW,7705.25,2026-09-02,Put,7625,5,"10.70 x 33","10.90 x 74",11.09,500,ask,554500,927,214,11.25%,-0.2017370097,CBMO,N/A,"13:19:18 ET"
$SPX,7711.76,2026-11-20,Put,5900,84,"13.20 x 389","13.40 x 232",13.31,415,mid,552300,1661,2093,31.40%,-0.0283584297,MLET,N/A,"15:53:48 ET"
$SPX,7733.48,2026-09-18,Call,8000,21,"9.90 x 93","10.00 x 166",10,551,ask,551000,2652,277116,9.42%,0.081291897517095,AUTO,N/A,"10:59:59 ET"
$SPX,7711.76,2026-10-16,Put,6000,49,"5.40 x 574","5.60 x 578",5.5,990,mid,544500,3964,23461,33.41%,-0.0158136216,MLET,N/A,"15:53:43 ET"
$SPX,7733.48,2026-09-18,Call,8000,21,"8.50 x 42","8.90 x 36",8.8,602,mid,529700,2652,277116,9.42%,0.081291897517095,AUTO,N/A,"10:51:02 ET"
$SPX,7709.47,2026-12-18,Call,8800,112,"6.30 x 193","6.60 x 681",6.46,750,mid,484500,4821,23640,11.61%,0.032839361262479,CBMO,N/A,"14:10:39 ET"
$SPXW,7709.44,2026-08-28,Put,7700,0,"4.70 x 158","4.80 x 20",4.72,1000,mid,472000,111589,7472,6.33%,-0.344925303,MFSL,N/A,"13:36:42 ET"
$SPX,7733.48,2027-06-17,Put,2600,293,"6.10 x 1094","6.50 x 680",6.36,725,mid,461100,726,202,53.03%,-0.0047378091,MFSL,ToOpen,"10:42:00 ET"
$SPX,7711.76,2026-10-16,Put,5850,49,"4.50 x 1437","4.70 x 491",4.6,990,mid,455400,3358,4527,35.38%,-0.0128023363,MLET,N/A,"15:53:43 ET"
$SPXW,7713.42,2026-10-30,Put,5400,63,"4.50 x 243","4.70 x 422",4.54,1000,mid,454000,1007,347,39.15%,-0.010440195,CBMO,ToOpen,"15:48:30 ET"
$SPX,7742.62,2026-12-18,Call,8800,112,"7.70 x 565","8.10 x 130",7.96,568,mid,452100,1000,23640,11.84%,0.041028438019788,MLET,N/A,"09:36:08 ET"
$SPX,7733.48,2026-12-18,Call,9100,112,"3.10 x 478","3.30 x 114",3,1500,bid,450000,1800,5466,12.35%,0.014970068144821,CBMO,N/A,"11:20:54 ET"
$SPX,7733.48,2026-09-18,Call,8000,21,"9.90 x 134","10.00 x 551",10,449,ask,449000,2652,277116,9.42%,0.081291897517095,AUTO,N/A,"10:59:59 ET"
$SPX,7711.76,2026-10-16,Call,8200,49,"8.30 x 1014","8.70 x 167",8.7,500,ask,435000,5168,24542,10.14%,0.066917986796027,CBMO,N/A,"16:03:31 ET"
$SPX,7711.76,2026-10-16,Call,8200,49,"8.50 x 470","8.90 x 385",8.7,500,mid,435000,5168,24542,10.14%,0.066917986796027,CBMO,N/A,"16:01:47 ET"
$SPX,7733.48,2027-06-17,Put,1800,293,"2.40 x 736","2.70 x 612",2.6,1450,mid,377000,1453,1094,62.87%,-0.0017368742,MFSL,ToOpen,"10:42:00 ET"
$SPXW,7710.37,2026-09-08,Put,7500,11,"7.00 x 22","7.20 x 18",7.41,500,ask,370500,1242,1221,12.51%,-0.0916924816,CBMO,N/A,"14:34:39 ET"
$SPX,7709.28,2026-10-16,Call,8200,49,"8.50 x 670","8.90 x 872",8.98,400,ask,359200,2692,24542,10.28%,0.068537893875878,CBMO,N/A,"15:47:14 ET"
$SPXW,7711.76,2026-10-30,Call,8900,63,"0.70 x 90","0.85 x 94",0.75,4700,mid,352500,4845,563,12.90%,0.0057481262149208,MFSL,ToOpen,"16:00:59 ET"
$SPX,7711.76,2026-10-16,Put,6200,49,"6.80 x 987","7.00 x 22",7,500,ask,350000,1085,6811,30.82%,-0.0212041879,ISOI,N/A,"15:53:25 ET"
$SPXW,7708.95,2026-09-03,Put,7550,6,"5.50 x 70","5.70 x 76",5.81,600,ask,348500,2102,5304,12.88%,-0.0963534985,CBMO,N/A,"13:28:53 ET"
$SPXW,7712.44,2026-09-08,Put,7450,11,"5.50 x 54","5.80 x 49",5.8,600,ask,348000,3277,542,13.61%,-0.064307874,CBMO,N/A,"13:44:19 ET"
$SPX,7733.48,2026-09-18,Call,8060,21,"4.20 x 942","4.60 x 20",4.6,753,ask,346300,754,1120,9.50%,0.04339736364313,AUTO,N/A,"10:52:49 ET"
$SPXW,7760.51,2026-08-28,Put,7730,0,"3.00 x 251","3.10 x 189",3.3,1000,ask,330000,28162,1508,8.03%,-0.1667621326,MFSL,N/A,"10:52:11 ET"
$SPX,7715.09,2026-09-18,Put,7100,21,"6.70 x 648","7.00 x 980",6.84,450,mid,307800,646,21001,20.87%,-0.0424428916,CBMO,N/A,"12:42:01 ET"
$SPX,7709.28,2026-10-16,Put,5500,49,"3.00 x 520","3.20 x 2872",3.07,998,mid,306300,1054,11491,39.82%,-0.0077804585,MLET,N/A,"14:47:51 ET"
$SPXW,7712.44,2026-09-08,Call,7875,11,"2.40 x 116","2.55 x 89",2.5,1200,mid,300000,2717,1925,7.35%,0.06140402111248,CBMO,N/A,"13:44:20 ET"
$SPX,7740.12,2026-09-18,Call,8000,21,"6.10 x 131","6.70 x 762",6.6,450,mid,297000,532,277116,9.33%,0.085096241662892,CBMO,N/A,"10:10:16 ET"
$SPXW,7732.22,2026-08-28,Put,7695,0,"3.50 x 177","3.60 x 168",2.85,1000,bid,285000,27223,985,8.38%,-0.1290452631,MFSL,N/A,"12:04:45 ET"
$SPX,7711.76,2026-10-16,Put,6200,49,"6.90 x 20","7.10 x 1010",7.1,401,ask,284700,1085,6811,30.82%,-0.0212041879,ISOI,N/A,"15:53:38 ET"
$SPXW,7730.99,2026-08-28,Call,7790,0,"2.50 x 17","2.60 x 68",2.57,1086,mid,279100,5418,3276,12.01%,0.11508251056819,MLET,N/A,"09:01:56 ET"
$SPXW,7730.32,2026-08-28,Put,7700,0,"2.95 x 18","3.00 x 169",2.7,1000,bid,270000,59817,7472,8.30%,-0.175225246,MFSL,N/A,"12:08:29 ET"
$SPX,7733.48,2027-06-17,Put,1000,293,"0.55 x 5","0.60 x 21",0.58,4650,mid,269700,4662,2953,76.29%,-0.0003655793,MFSL,ToOpen,"10:42:00 ET"
$SPXW,7709.44,2026-08-28,Put,7690,0,"2.65 x 40","2.70 x 120",2.62,1000,bid,262000,60013,1809,6.57%,-0.2215384675,MFSL,N/A,"13:36:42 ET"
$SPXW,7760.51,2026-08-28,Put,7725,0,"2.75 x 97","2.80 x 118",2.47,1000,bid,247000,22639,2270,8.26%,-0.1374668824,MFSL,N/A,"10:51:43 ET"
$SPXW,7707.01,2026-10-09,Put,6000,42,"4.10 x 2","4.20 x 77",4.3,540,ask,232200,551,1058,34.40%,-0.0126196495,CBMO,N/A,"15:04:48 ET"
$SPXW,7746.03,2026-08-31,Put,7535,3,"0.70 x 140","0.80 x 162",0.75,3000,mid,225000,4628,1083,14.79%,-0.0184460849,MFSL,ToOpen,"09:36:13 ET"
$SPXW,7760.51,2026-08-28,Put,7720,0,"1.95 x 81","2.00 x 161",2.2,1000,ask,220000,30387,2086,8.47%,-0.1128828584,MFSL,N/A,"10:52:11 ET"
$SPXW,7736.69,2026-08-31,Put,7550,3,"0.90 x 211","1.00 x 193",0.92,2357,mid,216800,3888,2235,13.94%,-0.0249318263,MLET,N/A,"09:50:13 ET"
$SPXW,7728.85,2026-08-31,Put,7525,3,"0.60 x 248","0.70 x 169",0.7,2985,ask,208900,7076,2975,13.89%,-0.0157657738,MFSL,N/A,"10:15:07 ET"
$SPXW,7727.86,2026-08-28,Call,7765,0,"1.90 x 167","1.95 x 69",2.02,1000,ask,202000,55601,1700,6.53%,0.083533525130414,MFSL,N/A,"11:49:44 ET"
$SPXW,7709.44,2026-08-28,Put,7685,0,"1.80 x 203","1.90 x 174",2,1000,ask,200000,49133,1850,6.72%,-0.1744167322,MFSL,N/A,"13:35:59 ET"
$SPXW,7732.22,2026-08-28,Put,7685,0,"2.35 x 132","2.40 x 46",1.95,1000,bid,195000,23929,1850,8.90%,-0.0890532577,MFSL,N/A,"12:04:45 ET"
$SPXW,7722.84,2026-08-28,Put,7665,0,"1.10 x 256","1.20 x 325",1.15,1630,mid,187400,35092,2850,9.53%,-0.0618420974,MLET,N/A,"12:37:05 ET"
$SPXW,7730.32,2026-08-28,Put,7690,0,"1.95 x 10","2.00 x 262",1.85,1000,bid,185000,30986,1809,8.73%,-0.1200720996,MFSL,N/A,"12:08:29 ET"
$SPXW,7710.8,2026-08-28,Call,7735,0,"1.50 x 139","1.55 x 90",1.65,1000,ask,165000,50925,1110,5.66%,0.15117417613131,MFSL,N/A,"13:16:18 ET"
$SPXW,7710.57,2026-09-25,Call,8125,28,"2.60 x 177","2.75 x 179",2.7,610,mid,164700,657,96,9.65%,0.032775816194098,CBMO,ToOpen,"14:14:04 ET"
$SPX,7709.28,2026-09-18,Put,6300,21,"1.70 x 937","1.85 x 397",1.8,900,mid,162000,1290,20175,35.77%,-0.0077971497,CBMO,N/A,"15:26:35 ET"
$SPXW,7760.51,2026-08-28,Put,7715,0,"1.75 x 254","1.85 x 237",1.62,1000,bid,162000,19287,1492,8.70%,-0.0929939877,MFSL,N/A,"10:51:43 ET"
$SPXW,7730.99,2026-08-28,Call,7800,0,"1.45 x 56","1.50 x 3",1.47,1086,mid,159600,2866,8559,11.72%,0.074882790911377,MLET,N/A,"09:01:56 ET"
$SPXW,7714.93,2026-08-28,Put,7700,0,"3.50 x 163","3.60 x 23",3.16,500,bid,158000,120314,7472,5.34%,-0.2325023698,MFSL,N/A,"13:50:38 ET"
$SPXW,7712.44,2026-08-28,Call,7730,0,"1.40 x 67","1.45 x 146",1.5,1000,ask,150000,67086,4131,4.88%,0.1959240931802,MFSL,N/A,"13:45:21 ET"
$SPXW,7714.69,2026-08-28,Call,7750,0,"1.85 x 20","1.90 x 133",1.7,844,bid,143400,92029,4562,7.27%,0.11892200905804,MFSL,N/A,"12:19:27 ET"
$SPXW,7711.76,2026-09-04,Put,7260,7,"0.85 x 138","0.95 x 181",0.88,1405,mid,123600,1483,342,19.70%,-0.0122316534,MLET,ToOpen,"16:02:16 ET"
$SPXW,7709.44,2026-08-28,Put,7675,0,"1.00 x 339","1.05 x 15",1.15,1000,ask,115000,51641,3143,7.04%,-0.1055209635,MFSL,N/A,"13:35:59 ET"
$SPXW,7714.13,2026-08-28,Put,7700,0,"2.40 x 77","2.45 x 95",2.27,500,bid,113500,128980,7472,4.67%,-0.2139869499,MFSL,N/A,"14:12:09 ET"
$SPXW,7736.69,2026-08-31,Put,7535,3,"0.70 x 114","0.75 x 109",0.71,1500,mid,106500,6151,1083,14.40%,-0.0201153815,MFSL,N/A,"09:46:23 ET"
$SPXW,7701.38,2026-09-04,Put,7230,7,"0.85 x 422","0.95 x 160",0.9,1133,mid,101900,2829,103,20.64%,-0.012326703,MLET,N/A,"14:49:41 ET"
$SPXW,7710.59,2026-09-02,Put,7395,5,"0.60 x 312","0.70 x 215",0.66,1500,mid,99000,1519,70,16.13%,-0.0123038265,CBMO,ToOpen,"15:21:30 ET"
$SPXW,7708.25,2026-09-04,Put,7230,7,"1.05 x 187","1.20 x 417",1.1,884,mid,97200,1419,103,21.31%,-0.0136481386,MLET,ToOpen,"13:09:28 ET"
$SPXW,7711.62,2026-09-11,Call,8125,14,"0.30 x 180","0.40 x 397",0.35,2750,mid,96200,2773,277,10.48%,0.0068244729882268,SLFT,ToOpen,"15:59:24 ET"
$SPXW,7711.76,2026-09-04,Put,7160,7,"0.65 x 63","0.70 x 13",0.68,1405,mid,95500,1478,130,22.72%,-0.0082870565,MLET,ToOpen,"16:02:16 ET"
$SPXW,7739.54,2026-08-31,Call,7860,3,"0.30 x 77","0.40 x 81",0.32,2984,mid,95400,6142,1711,7.74%,0.015545993361109,MLET,N/A,"09:59:46 ET"
$SPXW,7736.69,2026-08-31,Put,7450,3,"0.40 x 47","0.45 x 206",0.42,2268,mid,95200,3995,9844,17.92%,-0.009399162,MLET,N/A,"09:50:13 ET"
$SPXW,7727.86,2026-08-31,Put,7575,3,"0.65 x 308","0.75 x 149",0.67,1408,mid,94300,2430,1121,12.02%,-0.0311427516,MLET,N/A,"11:51:31 ET"
$SPXW,7761.81,2026-08-28,Call,7785,0,"1.65 x 230","1.70 x 11",1.67,564,mid,94100,34171,2200,5.24%,0.14513841442149,MLET,N/A,"11:20:05 ET"
$SPXW,7730.99,2026-08-28,Put,7655,0,"1.65 x 65","1.70 x 31",1.7,548,ask,93100,1938,1347,13.17%,-0.0720867477,MLET,N/A,"08:27:32 ET"
$SPXW,7710.57,2026-09-11,Call,7975,14,"1.10 x 292","1.20 x 54",1.2,766,ask,91900,1891,819,8.31%,0.023970834754026,CBMO,N/A,"14:14:04 ET"
$SPXW,7730.99,2026-08-28,Put,7655,0,"1.65 x 26","1.70 x 58",1.7,540,ask,91800,1938,1347,13.17%,-0.0720867477,MLET,N/A,"08:27:32 ET"
$SPXW,7746.03,2026-08-31,Call,7860,3,"0.30 x 10","0.35 x 202",0.3,3000,bid,90000,3050,1711,7.61%,0.019232748195816,MFSL,SellToOpen,"09:36:36 ET"
$SPXW,7727.86,2026-08-28,Call,7775,0,"0.85 x 218","0.90 x 196",0.87,1000,mid,87000,63502,4403,6.64%,0.041614920240528,MFSL,N/A,"11:49:44 ET"
$SPX,7709.47,2026-10-16,Call,8500,49,"1.30 x 471","1.45 x 647",1.45,600,ask,87000,1163,7675,11.20%,0.012650187282729,MFSL,N/A,"14:13:29 ET"
$SPXW,7739.54,2026-08-31,Call,7870,3,"0.25 x 8","0.35 x 17",0.3,2817,mid,84500,9246,1436,7.97%,0.011686016283768,MLET,N/A,"10:00:16 ET"
$SPXW,7710.8,2026-08-28,Call,7745,0,"0.65 x 146","0.70 x 255",0.8,1000,ask,80000,60700,1594,5.78%,0.074893556749464,MFSL,N/A,"13:16:18 ET"
$SPXW,7701.38,2026-09-04,Put,7130,7,"0.65 x 134","0.75 x 332",0.7,1133,mid,79300,2810,94,23.79%,-0.0087504622,MLET,N/A,"14:49:41 ET"
$SPXW,7714.93,2026-08-28,Put,7690,0,"1.80 x 69","1.85 x 164",1.56,500,bid,78000,64963,1809,5.62%,-0.1270142572,MFSL,N/A,"13:50:38 ET"
$SPXW,7746.03,2026-08-31,Put,7500,3,"0.50 x 18","0.55 x 105",0.51,1500,mid,76500,2154,9412,16.10%,-0.0126463782,MFSL,N/A,"09:39:55 ET"
$SPXW,7727.86,2026-09-04,Put,7250,7,"1.10 x 46","1.20 x 248",1.12,678,mid,75900,1471,1552,21.37%,-0.0141339185,MLET,N/A,"11:57:13 ET"
$SPXW,7708.25,2026-09-04,Put,7130,7,"0.80 x 126","0.90 x 255",0.85,884,mid,75100,1405,94,24.41%,-0.0095639618,MLET,ToOpen,"13:09:28 ET"
$SPXW,7708.25,2026-09-04,Put,6000,7,"0.10 x 351","0.20 x 797",0.15,5000,mid,75000,6720,58009,58.57%,-0.0008563181,SLFT,N/A,"13:12:12 ET"
$SPXW,7746.03,2026-08-28,Put,7600,0,"0.35 x 458","0.40 x 135",0.37,2000,mid,74000,5124,5396,17.06%,-0.0153118717,MFSL,N/A,"09:39:26 ET"
$SPXW,7714.69,2026-08-28,Call,7760,0,"0.85 x 134","0.90 x 177",0.85,844,bid,71700,67990,2966,7.30%,0.06472427427851,MFSL,N/A,"12:19:27 ET"
$SPXW,7726.9,2026-08-31,Put,7600,3,"1.35 x 531","1.40 x 141",1.35,531,bid,71600,2195,7854,11.34%,-0.0502336007,AUTO,N/A,"10:21:41 ET"
$SPXW,7712.44,2026-08-28,Call,7740,0,"0.60 x 78","0.65 x 275",0.7,1000,ask,70000,78362,1993,5.12%,0.096188763782283,MFSL,N/A,"13:45:21 ET"
$SPXW,7728.85,2026-08-31,Put,7425,3,"0.30 x 78","0.35 x 157",0.35,1985,ask,69400,3105,2070,18.24%,-0.0071322468,MFSL,N/A,"10:15:07 ET"
$SPXW,7746.03,2026-08-28,Put,7625,0,"0.65 x 149","0.70 x 336",0.67,1000,mid,67000,3758,3560,15.71%,-0.0259432999,MFSL,N/A,"09:39:26 ET"
$SPXW,7746.03,2026-08-31,Put,7550,3,"0.80 x 383","0.90 x 97",0.89,750,mid,66700,847,2235,14.25%,-0.0220759318,MFSL,N/A,"09:39:55 ET"
$SPXW,7746.03,2026-08-31,Put,7435,3,"0.30 x 183","0.40 x 346",0.35,1800,mid,63000,7000,679,18.93%,-0.0079145588,MFSL,N/A,"09:36:13 ET"
$SPXW,7727.86,2026-09-04,Put,7250,7,"1.05 x 117","1.15 x 114",1.1,538,mid,59100,1471,1552,21.37%,-0.0141339185,MLET,N/A,"11:57:08 ET"
$SPXW,7727.86,2026-09-04,Put,7150,7,"0.80 x 148","0.90 x 139",0.87,678,mid,58900,1516,20972,24.33%,-0.0095704043,MLET,N/A,"11:57:13 ET"
$SPXW,7723.94,2026-08-28,Call,7790,0,"0.55 x 251","0.60 x 139",0.57,1000,mid,57000,24772,3276,9.02%,0.036463987592088,MFSL,N/A,"10:10:44 ET"
$SPXW,7711.76,2026-08-31,Put,7580,3,"0.60 x 146","0.65 x 3",0.65,830,ask,53900,2076,1204,9.80%,-0.0241643621,CBMO,N/A,"16:03:56 ET"
$SPXW,7727.86,2026-08-31,Put,7565,3,"0.50 x 273","0.60 x 278",0.52,1020,mid,53000,1756,615,12.39%,-0.0270394397,MLET,N/A,"11:49:11 ET"
$SPXW,7708.25,2026-08-28,Call,7750,0,"0.50 x 410","0.55 x 39",0.5,997,bid,49800,112613,4562,6.22%,0.050460785243056,MFSL,N/A,"13:12:15 ET"
$SPXW,7730.99,2026-08-28,Call,7810,0,"0.80 x 457","0.85 x 49",0.8,617,bid,49300,1707,4605,11.08%,0.040370805107121,AUTO,N/A,"08:56:55 ET"
$SPXW,7705.45,2026-09-04,Put,7230,7,"0.85 x 323","0.95 x 1",0.9,526,mid,47300,3655,103,20.56%,-0.0114828726,MLET,N/A,"14:57:59 ET"
$SPXW,7727.86,2026-09-04,Put,7150,7,"0.80 x 135","0.90 x 368",0.85,538,mid,45700,1516,20972,24.33%,-0.0095704043,MLET,N/A,"11:57:08 ET"
$SPXW,7727.86,2026-08-31,Put,7475,3,"0.30 x 183","0.35 x 18",0.32,1408,mid,45000,1642,1456,16.18%,-0.0109010298,MLET,N/A,"11:51:31 ET"
$SPXW,7760.51,2026-08-31,Call,7870,3,"0.25 x 333","0.35 x 240",0.3,1485,mid,44500,10831,1436,7.18%,0.017792984534864,MFSL,N/A,"10:51:12 ET"
$SPXW,7711.9,2026-09-02,Put,7395,5,"0.60 x 90","0.65 x 22",0.61,700,mid,42700,2221,70,16.19%,-0.0122635799,CBMO,N/A,"15:36:25 ET"
$SPXW,7709.44,2026-08-28,Call,7750,0,"0.45 x 176","0.50 x 410",0.47,900,mid,42300,118202,4562,5.53%,0.036815258792922,CBMO,N/A,"13:33:33 ET"
$SPXW,7739.54,2026-08-31,Call,7950,3,"0.10 x 8","0.20 x 103",0.15,2817,mid,42200,3006,7647,11.06%,0.0041523530876365,MLET,N/A,"10:00:16 ET"
$SPXW,7746.03,2026-08-31,Put,7435,3,"0.30 x 183","0.40 x 346",0.35,1200,mid,42000,7000,679,18.93%,-0.0079145588,MFSL,N/A,"09:36:13 ET"
$SPXW,7704.53,2026-08-31,Put,7545,3,"0.50 x 299","0.60 x 309",0.57,721,mid,41000,912,651,11.22%,-0.0183653835,MFSL,N/A,"14:57:08 ET"
$SPXW,7761.81,2026-08-28,Call,7795,0,"0.70 x 84","0.75 x 411",0.72,564,mid,40600,29209,1990,5.38%,0.068145445300003,MLET,N/A,"11:20:05 ET"
$SPXW,7722.15,2026-08-28,Call,7785,0,"0.20 x 481","0.25 x 508",0.25,1500,ask,37500,47564,2200,7.52%,0.020298934439285,MFSL,N/A,"12:16:58 ET"
$SPXW,7705.45,2026-09-04,Put,7130,7,"0.65 x 321","0.75 x 209",0.7,526,mid,36800,3635,94,23.62%,-0.0080019575,MLET,N/A,"14:57:59 ET"
$SPXW,7714.17,2026-09-04,Put,6000,7,"0.05 x 1061","0.15 x 76",0.15,2399,ask,35900,10425,58009,57.87%,-0.0007301221,AUTO,N/A,"13:53:14 ET"
$SPXW,7739.54,2026-08-31,Call,7940,3,"0.10 x 8","0.15 x 95",0.12,2984,mid,35800,6029,380,10.59%,0.0043203083672662,MLET,N/A,"09:59:46 ET"
$SPXW,7727.89,2026-08-31,Put,7500,3,"0.55 x 8","0.60 x 89",0.51,700,bid,35700,3375,9412,15.30%,-0.0144565863,MFSL,N/A,"10:06:43 ET"
$SPXW,7704.53,2026-09-04,Put,6700,7,"0.30 x 232","0.40 x 716",0.35,1000,mid,35000,1005,2198,36.50%,-0.0025467108,CBMO,N/A,"14:53:10 ET"
$SPXW,7730.32,2026-08-28,Call,7770,0,"0.65 x 215","0.70 x 175",0.69,500,mid,34500,77228,4369,6.22%,0.060405227246085,MLET,N/A,"12:11:33 ET"
$SPXW,7753.93,2026-08-31,Call,7860,3,"0.20 x 303","0.30 x 415",0.22,1500,mid,33000,9318,1711,7.07%,0.019286656317049,MLET,N/A,"10:44:08 ET"
$SPXW,7730.99,2026-08-31,Put,7500,3,"0.60 x 100","0.70 x 181",0.61,540,mid,32900,553,9412,15.85%,-0.0162612568,MLET,N/A,"08:48:12 ET"
$SPXW,7730.99,2026-08-28,Put,7625,0,"0.60 x 102","0.70 x 75",0.6,548,bid,32800,1402,3560,14.18%,-0.0294460422,MLET,N/A,"08:27:32 ET"
$SPXW,7753.93,2026-08-31,Call,7860,3,"0.20 x 272","0.30 x 415",0.22,1484,mid,32600,9318,1711,7.07%,0.019286656317049,MLET,N/A,"10:44:08 ET"
$SPXW,7736.69,2026-08-31,Put,7435,3,"0.30 x 214","0.40 x 354",0.36,900,mid,32400,8510,679,18.60%,-0.008570337,MFSL,N/A,"09:46:23 ET"
$SPXW,7708.75,2026-09-04,Put,6600,7,"0.25 x 431","0.40 x 1029",0.35,793,mid,27700,1310,1561,40.17%,-0.0023269729,AUTO,N/A,"15:14:56 ET"
$SPXW,7727.86,2026-08-31,Put,7465,3,"0.25 x 204","0.30 x 89",0.27,1020,mid,27500,1625,534,16.74%,-0.0105691995,MLET,N/A,"11:49:11 ET"
$SPXW,7746.03,2026-08-31,Call,7940,3,"0.10 x 175","0.15 x 65",0.15,1800,ask,27000,3002,380,10.53%,0.0053243108914365,MFSL,BuyToOpen,"09:36:36 ET"
$SPXW,7708.83,2026-08-31,Put,7550,3,"0.45 x 360","0.55 x 179",0.45,600,bid,27000,5641,2235,11.01%,-0.0170780989,CBMO,N/A,"14:39:22 ET"
$SPXW,7722.84,2026-08-28,Call,7775,0,"0.30 x 445","0.35 x 22",0.33,794,mid,26200,69533,4403,6.81%,0.030638641855025,MLET,N/A,"12:32:45 ET"
$SPXW,7708.25,2026-08-28,Call,7760,0,"0.25 x 577","0.30 x 322",0.25,997,bid,24900,76622,2966,6.59%,0.027273094755849,MFSL,N/A,"13:12:15 ET"
$SPXW,7711.44,2026-09-04,Put,6600,7,"0.25 x 722","0.35 x 74",0.35,697,ask,24300,2310,1561,40.25%,-0.0023218507,AUTO,N/A,"15:17:13 ET"
$SPXW,7714.93,2026-09-04,Put,6050,7,"0.10 x 41","0.15 x 303",0.15,1500,ask,22500,5035,3290,56.96%,-0.0008786997,ISOI,N/A,"13:51:08 ET"
$SPXW,7708.66,2026-08-28,Call,7750,0,"0.25 x 682","0.30 x 31",0.45,500,ask,22500,120189,4562,5.77%,0.04019456864247,CBMO,N/A,"13:40:00 ET"
$SPXW,7722.15,2026-08-28,Call,7795,0,"0.15 x 27","0.20 x 552",0.15,1500,bid,22500,37719,1990,8.05%,0.013286834397701,MFSL,N/A,"12:16:58 ET"
$SPXW,7704.53,2026-09-04,Put,6900,7,"0.40 x 435","0.50 x 299",0.45,500,mid,22500,649,759,30.76%,-0.0043350704,CBMO,N/A,"14:53:10 ET"
$SPXW,7746.03,2026-08-28,Put,7600,0,"0.35 x 347","0.40 x 181",0.37,600,mid,22200,5124,5396,17.06%,-0.0153118717,MLET,N/A,"09:41:20 ET"
$SPXW,7736.69,2026-08-31,Put,7435,3,"0.30 x 214","0.40 x 354",0.36,600,mid,21600,8510,679,18.60%,-0.008570337,MFSL,N/A,"09:46:23 ET"
$SPXW,7710.57,2026-09-04,Call,7925,7,"0.30 x 62","0.35 x 57",0.32,611,mid,19500,2612,3188,8.28%,0.01003373616163,CBMO,N/A,"14:14:04 ET"
$SPXW,7730.99,2026-08-31,Put,7410,3,"0.30 x 122","0.40 x 194",0.36,540,mid,19400,540,1412,19.51%,-0.0077130844,MLET,N/A,"08:48:12 ET"
$SPXW,7746.03,2026-08-31,Call,7940,3,"0.10 x 197","0.15 x 65",0.15,1200,ask,18000,3002,380,10.53%,0.0053243108914365,MFSL,N/A,"09:36:36 ET"
$SPXW,7704.53,2026-08-31,Call,7800,3,"0.30 x 47","0.35 x 238",0.26,681,bid,17700,9338,5945,6.35%,0.01860508955168,MFSL,N/A,"14:57:08 ET"
$SPXW,7714.93,2026-09-04,Put,6050,7,"0.10 x 41","0.15 x 834",0.15,1166,ask,17400,5035,3290,56.96%,-0.0008786997,ISOI,N/A,"13:51:29 ET"
$SPXW,7710.59,2026-08-28,Put,7685,0,"0.10 x 690","0.15 x 13",0.17,1000,ask,17000,74390,1850,3.35%,-0.0247693452,MFSL,N/A,"15:24:35 ET"
$SPXW,7713.42,2026-09-04,Put,6000,7,"0.10 x 36","0.15 x 319",0.15,1089,ask,16300,11537,58009,57.85%,-0.0007304276,ISOI,N/A,"15:49:25 ET"
$SPXW,7714.13,2026-08-28,Call,7750,0,"0.30 x 420","0.35 x 102",0.32,500,mid,16000,123869,4562,4.99%,0.040235404129084,CBMO,N/A,"14:11:41 ET"
$SPXW,7711.62,2026-09-04,Put,6600,7,"0.30 x 805","0.35 x 983",0.3,512,bid,15300,3864,1561,39.57%,-0.0019936723,AUTO,N/A,"15:56:03 ET"
$SPXW,7714.13,2026-09-04,Call,8000,7,"0.10 x 240","0.20 x 527",0.15,1000,mid,15000,2188,5498,9.86%,0.0045582193345086,SLFT,N/A,"14:09:02 ET"
$SPXW,7708.25,2026-09-04,Put,6000,7,"0.10 x 351","0.20 x 797",0.15,1000,mid,15000,6720,58009,58.57%,-0.0008563181,SLFT,N/A,"13:12:12 ET"
$SPXW,7714.93,2026-09-04,Put,6050,7,"0.10 x 41","0.20 x 1435",0.15,867,mid,13000,5035,3290,56.96%,-0.0008786997,ISOI,N/A,"13:52:03 ET"
$SPXW,7736.69,2026-08-31,Put,7000,3,"0.05 x 373","0.15 x 795",0.1,1192,mid,11900,8046,8854,37.07%,-0.0013443849,AUTO,N/A,"09:49:21 ET"
$SPXW,7736.69,2026-08-31,Put,7000,3,"0.10 x 1192","0.15 x 621",0.1,1192,bid,11900,8046,8854,37.07%,-0.0013443849,AUTO,N/A,"09:49:46 ET"
$SPXW,7746.03,2026-08-28,Call,7835,0,"0.15 x 765","0.25 x 622",0.18,600,mid,10800,1539,1774,10.25%,0.016873604970038,MFSL,N/A,"09:36:07 ET"
$SPXW,7753.93,2026-08-31,Call,7940,3,"0.05 x 367","0.10 x 9",0.07,1500,mid,10500,9035,380,10.14%,0.0055064881454109,MLET,N/A,"10:44:08 ET"
$SPXW,7736.69,2026-08-31,Put,7000,3,"0.10 x 68","0.15 x 868",0.1,1044,bid,10400,8046,8854,37.07%,-0.0013443849,AUTO,N/A,"09:50:29 ET"
$SPXW,7753.93,2026-08-31,Call,7940,3,"0.05 x 367","0.10 x 4",0.07,1484,mid,10300,9035,380,10.14%,0.0055064881454109,MLET,N/A,"10:44:08 ET"
$SPXW,7736.69,2026-08-31,Put,7000,3,"0.05 x 373","0.15 x 795",0.1,1000,mid,10000,8046,8854,37.07%,-0.0013443849,AUTO,N/A,"09:48:37 ET"
$SPXW,7714.93,2026-09-04,Put,6050,7,"0.05 x 1123","0.15 x 1394",0.15,606,ask,9000,5035,3290,56.96%,-0.0008786997,ISOI,N/A,"13:50:38 ET"
$SPXW,7760.51,2026-08-31,Call,7950,3,"0.10 x 68","0.15 x 300",0.15,594,ask,8900,4527,7647,10.29%,0.0054260079813301,MFSL,N/A,"10:51:12 ET"
$SPXW,7714.17,2026-09-04,Put,6000,7,"0.05 x 1039","0.20 x 1359",0.15,500,mid,7500,10425,58009,57.87%,-0.0007301221,AUTO,N/A,"13:54:01 ET"
$SPXW,7753.93,2026-08-31,Put,7000,3,"0.05 x 458","0.15 x 956",0.1,673,mid,6700,13061,8854,37.82%,-0.0013167697,AUTO,N/A,"10:45:07 ET"
$SPXW,7759.05,2026-08-31,Call,8000,3,"0.05 x 641","0.10 x 7",0.08,700,mid,5600,1188,8876,12.09%,0.0029302782434498,MFSL,N/A,"11:10:43 ET"
$SPXW,7723.94,2026-09-04,Put,5500,7,"0.00 x 0","0.10 x 285",0.05,1000,mid,5000,3038,318,71.60%,-0.0002517258,SLFT,N/A,"10:12:33 ET"
$SPXW,7711.76,2026-08-31,Put,6650,3,"0.00 x 0","0.10 x 297",0.05,1000,mid,5000,1175,247,50.32%,-0.0005293734,SLFT,ToOpen,"16:13:51 ET"
"Downloaded from Barchart.com as of 08-28-2026 11:32pm CDT"
