Symbol,Price~,Type,Strike,Expires,DTE,"Bid x Size","Ask x Size",Trade,Size,Side,Premium,Volume,"Open Int",IV,Delta,Code,*,Time
$SPX,7207.71,Call,6000,2026-07-17T16:30:00-05:00,74,"1,265.00 x 2","1,268.20 x 2",1266.25,3000,mid,379875000,3000,53674,25.15%,0.95922018808045,CBMO,N/A,"13:51:16 ET"
$SPX,7199.46,Call,5000,2026-07-17T16:30:00-05:00,74,"2,234.20 x 2","2,238.00 x 2",2235.82,1500,mid,335373000,1500,24240,0.00%,0,CBMO,N/A,"15:19:51 ET"
$SPXW,7203.31,Call,8130,2026-12-31T16:30:00-06:00,241,"84.40 x 15","85.60 x 4",86.45,35000,ask,302575000,35000,37354,13.38%,0.20241608930565,MFSL,N/A,"11:20:05 ET"
$SPX,7228.12,Call,6000,2027-02-19T16:30:00-06:00,291,"1,496.10 x 2","1,501.10 x 2",1500,2000,mid,300000000,2000,2089,23.02%,0.87560774379825,MFSL,N/A,"09:40:31 ET"
$SPX,7236.69,Call,6000,2026-05-15T16:30:00-05:00,11,"1,245.20 x 5","1,250.80 x 5",1247.25,2400,mid,299340000,3001,96515,0.00%,0,MFSL,N/A,"10:47:52 ET"
$SPXW,7203.31,Call,8120,2026-12-31T16:30:00-06:00,241,"85.90 x 3","88.00 x 3",88.55,31000,ask,274505000,51500,30202,13.40%,0.20603302789451,MFSL,N/A,"11:20:05 ET"
$SPX,7236.69,Put,8000,2026-09-18T16:30:00-05:00,137,"701.40 x 3","704.20 x 10",703.35,3000,mid,211005000,3000,8995,0.00%,0,MFSL,N/A,"10:47:52 ET"
$SPX,7199.46,Call,5000,2026-05-15T16:30:00-05:00,11,"2,202.40 x 6","2,209.00 x 6",2205.46,900,mid,198491400,1620,5426,74.21%,0.99814550203819,CBMO,N/A,"15:19:51 ET"
$SPX,7199.46,Call,6000,2026-05-15T16:30:00-05:00,11,"1,205.50 x 6","1,210.10 x 6",1207.54,1500,mid,181131000,4622,96515,0.00%,0,CBMO,N/A,"15:19:51 ET"
$SPXW,7242.85,Call,8090,2026-12-31T16:30:00-06:00,241,"97.20 x 42","98.00 x 20",97.7,16500,mid,161205000,16500,22726,13.26%,0.22824846668731,MFSL,N/A,"10:40:25 ET"
$SPX,7211.29,Call,6000,2027-03-19T16:30:00-05:00,319,"1,515.40 x 3","1,519.70 x 3",1516.77,1000,mid,151677000,1005,39627,22.96%,0.86769767624498,MFSL,N/A,"14:03:31 ET"
$SPX,7236.69,Call,7000,2026-09-18T16:30:00-05:00,137,"502.70 x 12","503.60 x 2",502.31,3000,bid,150693000,3101,122344,17.59%,0.68829273714864,MFSL,N/A,"10:47:52 ET"
$SPX,7228.12,Call,7000,2027-02-19T16:30:00-06:00,291,"705.80 x 17","709.30 x 11",709,2000,mid,141800000,2000,3509,18.60%,0.67534113014267,MFSL,N/A,"09:40:31 ET"
$SPX,7238.82,Call,6000,2026-10-16T16:30:00-05:00,165,"1,383.10 x 13","1,387.40 x 3",1384.83,1000,mid,138483000,1000,2298,23.79%,0.91270485304234,CBMO,N/A,"10:20:06 ET"
$SPX,7207.71,Call,6000,2026-12-18T16:30:00-06:00,228,"1,422.70 x 11","1,429.00 x 10",1424.23,950,mid,135301800,1515,110116,23.33%,0.88744342670952,CBMO,N/A,"13:52:05 ET"
$SPX,7199.46,Call,6000,2026-07-17T16:30:00-05:00,74,"1,261.40 x 3","1,264.20 x 3",1262.42,900,mid,113617800,4506,53674,26.56%,0.95009012911371,CBMO,N/A,"15:19:51 ET"
$SPXW,7242.85,Call,8120,2026-12-31T16:30:00-06:00,241,"90.40 x 46","91.20 x 20",91,11500,mid,104650000,16500,30202,13.20%,0.21671816423479,MFSL,N/A,"10:40:25 ET"
$SPX,7236.69,Call,7000,2026-05-15T16:30:00-05:00,11,"261.70 x 9","264.30 x 2",262.58,3000,mid,78774000,3370,104762,16.94%,0.88152203988717,MFSL,N/A,"10:47:52 ET"
$SPX,7199.46,Call,5000,2026-05-15T16:30:00-05:00,11,"2,202.40 x 6","2,209.00 x 6",2205.46,350,mid,77191100,1620,5426,74.21%,0.99814550203819,CBMO,N/A,"15:19:52 ET"
$SPX,7210.1,Call,6000,2027-03-19T16:30:00-05:00,319,"1,513.70 x 7","1,518.40 x 2",1517.75,499,mid,75735700,1505,39627,23.10%,0.8663705721817,CBMO,N/A,"14:08:27 ET"
$SPX,7236.69,Call,6000,2026-05-15T16:30:00-05:00,11,"1,245.20 x 5","1,250.80 x 5",1247.25,600,mid,74835000,3001,96515,0.00%,0,MFSL,N/A,"10:47:52 ET"
$SPX,7207.71,Call,7000,2026-07-17T16:30:00-05:00,74,"372.60 x 1","373.80 x 9",372.71,2000,mid,74542000,3329,38622,17.22%,0.69564924059566,CBMO,N/A,"13:51:16 ET"
$SPX,7207.71,Call,7000,2026-12-18T16:30:00-06:00,228,"616.90 x 1","618.70 x 1",616.36,1200,bid,73963200,1526,100983,18.34%,0.66804154672769,CBMO,N/A,"13:52:05 ET"
$SPX,7211.29,Call,7000,2027-03-19T16:30:00-05:00,319,"736.30 x 2","738.20 x 14",736.77,1000,mid,73677000,1006,46039,18.76%,0.6709800431789,MFSL,N/A,"14:03:31 ET"
$SPX,7228.12,Put,7000,2027-02-19T16:30:00-06:00,291,"313.00 x 91","315.30 x 115",313.55,2000,mid,62710000,2000,1658,19.36%,-0.3490134032,MFSL,ToOpen,"09:40:31 ET"
$SPX,7244.2,Put,8200,2027-04-16T16:30:00-05:00,347,"859.90 x 16","866.80 x 16",863.15,700,mid,60420500,700,4,0.00%,0,CBMO,ToOpen,"10:34:26 ET"
$SPX,7204.93,Call,6500,2027-01-15T16:30:00-06:00,256,"1,036.30 x 10","1,039.80 x 9",1037.79,454,mid,47115600,500,1406,21.32%,0.79161302966697,MLET,N/A,"13:44:44 ET"
$SPXW,7242.85,Call,8120,2026-12-31T16:30:00-06:00,241,"90.40 x 46","91.20 x 20",91,5000,mid,45500000,16500,30202,13.20%,0.21671816423479,MFSL,N/A,"10:40:25 ET"
$SPX,7199.46,Call,6000,2026-07-17T16:30:00-05:00,74,"1,261.40 x 3","1,264.20 x 3",1262.42,350,mid,44184700,4506,53674,26.56%,0.95009012911371,CBMO,N/A,"15:19:52 ET"
$SPX,7236.69,Put,7000,2026-09-18T16:30:00-05:00,137,"182.30 x 128","182.80 x 3",182.72,2400,mid,43852800,3084,120944,18.52%,-0.3295859408,MFSL,N/A,"10:47:52 ET"
$SPXW,7200.75,Call,7200,2026-05-29T16:30:00-05:00,25,"120.30 x 8","120.70 x 4",121,3500,ask,42350000,5010,9164,14.75%,0.53450801034204,MFSL,N/A,"16:04:50 ET"
$SPX,7207.71,Put,7000,2026-07-17T16:30:00-05:00,74,"123.70 x 89","124.40 x 68",124.28,3000,mid,37284000,4509,38211,18.00%,-0.3177108479,CBMO,N/A,"13:51:16 ET"
$SPX,7210.1,Call,7000,2027-03-19T16:30:00-05:00,319,"736.00 x 14","737.50 x 2",737.49,499,mid,36800700,1506,46039,18.83%,0.67032140426796,CBMO,N/A,"14:08:27 ET"
$SPXW,7203.31,Call,8120,2026-12-31T16:30:00-06:00,241,"86.20 x 4","87.70 x 4",88.55,4000,ask,35420000,51500,30202,13.40%,0.20603302789451,MFSL,N/A,"11:20:05 ET"
$SPX,7196.42,Put,7000,2027-03-19T16:30:00-05:00,319,"342.00 x 29","343.30 x 22",342.25,1025,mid,35080600,2643,45063,19.55%,-0.3594245175,CBMO,N/A,"14:38:58 ET"
$SPX,7204.93,Put,8000,2027-02-19T16:30:00-06:00,291,"744.20 x 1","746.30 x 1",745.06,454,mid,33825700,500,3372,0.00%,0,MLET,N/A,"13:44:44 ET"
$SPX,7211.29,Put,7000,2027-03-19T16:30:00-05:00,319,"336.30 x 70","337.80 x 157",337.28,1000,mid,33728000,1118,45063,19.53%,-0.3541771568,MFSL,N/A,"14:03:31 ET"
$SPX,7228.12,Put,6000,2027-02-19T16:30:00-06:00,291,"136.30 x 293","137.70 x 140",137,2000,mid,27400000,2000,2858,25.28%,-0.1470499208,MFSL,N/A,"09:40:31 ET"
$SPX,7205.95,Call,7400,2027-03-19T16:30:00-05:00,319,"467.40 x 11","469.10 x 14",467.65,580,mid,27123700,657,2749,16.83%,0.54633610440627,CBMO,N/A,"13:15:08 ET"
$SPX,7207.71,Put,7000,2026-12-18T16:30:00-06:00,228,"277.40 x 26","278.60 x 37",278.83,950,ask,26488800,1565,101949,19.32%,-0.3547774348,CBMO,N/A,"13:52:05 ET"
$SPX,7207.71,Call,7000,2026-07-17T16:30:00-05:00,74,"372.60 x 1","373.80 x 9",372.71,700,mid,26089700,3329,38622,17.22%,0.69564924059566,CBMO,N/A,"13:51:16 ET"
$SPX,7204.93,Call,7200,2027-02-19T16:30:00-06:00,291,"560.60 x 29","562.70 x 21",561.79,454,mid,25505200,500,1611,17.66%,0.60692626254996,MLET,N/A,"13:44:44 ET"
$SPX,7238.82,Call,7000,2026-10-16T16:30:00-05:00,165,"542.50 x 2","543.70 x 2",541.89,450,bid,24385000,1000,3383,17.82%,0.68412163828152,CBMO,N/A,"10:20:06 ET"
$SPX,7204.04,Call,7250,2027-04-16T16:30:00-05:00,347,"600.60 x 11","602.60 x 12",602.06,350,mid,21072000,350,481,17.72%,0.60036366064573,CBMO,N/A,"13:31:12 ET"
$SPX,7238.82,Put,7000,2026-10-16T16:30:00-05:00,165,"209.70 x 80","210.60 x 141",210.47,1000,mid,21047000,1151,4566,18.62%,-0.3343883593,CBMO,N/A,"10:20:06 ET"
$SPX,7204.93,Put,7500,2027-01-15T16:30:00-06:00,256,"460.10 x 47","461.80 x 26",461.06,454,mid,20932100,502,5400,15.55%,-0.5692381062,MLET,N/A,"13:44:44 ET"
$SPX,7228.39,Put,6400,2027-03-19T16:30:00-05:00,319,"205.40 x 126","206.40 x 71",206.01,1000,mid,20601000,1000,4395,23.00%,-0.2136647034,CBMO,N/A,"10:02:35 ET"
$SPX,7228.39,Call,8000,2027-03-19T16:30:00-05:00,319,"190.00 x 76","190.90 x 93",191.5,1040,ask,19916000,1040,9133,14.19%,0.32513499754242,CBMO,N/A,"10:02:35 ET"
$SPX,7196.42,Call,8000,2027-03-19T16:30:00-05:00,319,"182.30 x 28","183.50 x 33",183.2,1025,mid,18778000,2279,9133,14.32%,0.31523766175525,CBMO,N/A,"14:38:58 ET"
$SPX,7210.1,Put,7000,2027-03-19T16:30:00-05:00,319,"336.30 x 111","337.70 x 107",336.84,499,mid,16808300,1618,45063,19.52%,-0.3545204325,CBMO,N/A,"14:08:27 ET"
$SPX,7204.77,Put,6400,2026-12-18T16:30:00-06:00,228,"163.90 x 112","164.80 x 65",164.51,1000,mid,16451000,3115,13153,23.47%,-0.2019381553,CBMO,N/A,"15:27:57 ET"
$SPX,7244.2,Put,6500,2027-04-16T16:30:00-05:00,347,"233.10 x 71","234.80 x 69",234,700,mid,16380000,702,4504,22.37%,-0.2320001088,CBMO,N/A,"10:34:26 ET"
$SPX,7211.29,Put,6000,2027-03-19T16:30:00-05:00,319,"152.40 x 146","153.50 x 243",152.98,1000,mid,15298000,1006,40625,25.27%,-0.1557804977,MFSL,N/A,"14:03:31 ET"
$SPX,7205.95,Put,6675,2027-03-19T16:30:00-05:00,319,"266.50 x 3","267.60 x 31",267.12,525,mid,14023800,533,429,21.55%,-0.2738064696,CBMO,ToOpen,"13:15:08 ET"
$SPX,7204.04,Call,7300,2026-09-18T16:30:00-05:00,137,"277.80 x 72","279.10 x 39",278.33,500,mid,13916500,723,13750,15.57%,0.52160441188698,CBMO,N/A,"13:33:12 ET"
$SPX,7238.82,Put,6400,2026-12-18T16:30:00-06:00,228,"152.50 x 46","153.00 x 3",153.1,888,ask,13595200,2113,13153,23.25%,-0.1929096024,CBMO,N/A,"10:22:46 ET"
$SPXW,7200.75,Put,6900,2026-05-29T16:30:00-05:00,25,"38.60 x 12","38.90 x 12",38.4,3500,bid,13440000,4746,12282,19.78%,-0.1860570494,MFSL,N/A,"16:04:50 ET"
$SPX,7207.71,Put,6000,2026-12-18T16:30:00-06:00,228,"111.60 x 10","111.80 x 4",111.95,1200,ask,13434000,1925,122819,25.98%,-0.1370374489,CBMO,N/A,"13:52:05 ET"
$SPXW,7195.71,Call,6975,2026-05-08T16:30:00-05:00,4,"240.60 x 1","245.20 x 5",243,500,mid,12150000,1008,2578,22.85%,0.90841715071401,MFSL,N/A,"14:12:24 ET"
$SPX,7197.1,Put,5900,2026-10-16T16:30:00-05:00,165,"70.60 x 470","71.40 x 434",71.2,1650,mid,11748000,1670,7938,27.30%,-0.1046642897,MFSL,N/A,"13:13:44 ET"
$SPX,7203.95,Put,7250,2026-06-18T16:30:00-05:00,45,"163.60 x 3","164.80 x 3",164.6,700,mid,11522000,2801,6293,14.96%,-0.5165510951,CBMO,N/A,"11:24:52 ET"
$SPX,7230.49,Put,7300,2026-09-18T16:30:00-05:00,137,"276.40 x 23","277.30 x 42",276.52,400,mid,11060800,700,4199,15.91%,-0.4874710364,CBMO,N/A,"09:56:45 ET"
$SPX,7236.69,Put,7000,2026-09-18T16:30:00-05:00,137,"182.30 x 128","182.80 x 3",182.72,600,mid,10963200,3084,120944,18.52%,-0.3295859408,MFSL,N/A,"10:47:52 ET"
$SPX,7201.23,Call,7750,2026-12-18T16:30:00-06:00,228,"180.40 x 106","182.10 x 57",182.16,600,ask,10929600,603,6603,14.41%,0.35056639403001,CBMO,N/A,"11:58:31 ET"
$SPX,7238.82,Put,5000,2026-12-18T16:30:00-06:00,228,"43.10 x 180","43.40 x 7",43.32,2500,mid,10830000,5285,120539,32.70%,-0.0502173237,CBMO,N/A,"10:22:46 ET"
$SPXW,7200.75,Call,7300,2026-05-29T16:30:00-05:00,25,"65.80 x 20","66.20 x 6",66,1600,mid,10560000,4243,5954,13.42%,0.38156891219565,MFSL,N/A,"16:04:50 ET"
$SPXW,7188.32,Put,6800,2026-07-31T16:30:00-05:00,88,"110.60 x 26","111.10 x 15",110.1,907,bid,9986000,1225,1677,20.40%,-0.2491661918,MFSL,N/A,"12:47:27 ET"
$SPX,7204.77,Put,6600,2026-09-18T16:30:00-05:00,137,"123.10 x 244","123.80 x 58",123.8,800,ask,9904000,1504,9902,22.04%,-0.2112499836,CBMO,N/A,"15:36:36 ET"
$SPXW,7202.66,Put,6500,2026-12-31T16:30:00-06:00,241,"185.70 x 39","186.70 x 14",186.7,513,ask,9577700,515,1959,22.73%,-0.2248706809,CBMO,N/A,"15:34:00 ET"
$SPX,7200.11,Put,7230,2026-06-18T16:30:00-05:00,45,"153.60 x 15","155.10 x 47",157,600,ask,9420000,750,1162,15.12%,-0.4987231592,MFSL,N/A,"11:34:01 ET"
$SPX,7236.69,Call,8000,2026-09-18T16:30:00-05:00,137,"37.90 x 317","38.40 x 77",38.11,2400,mid,9146400,3650,19017,12.52%,0.13808375698897,MFSL,N/A,"10:47:52 ET"
$SPX,7203.3,Put,6350,2027-03-19T16:30:00-05:00,319,"205.40 x 3","206.60 x 87",207.24,420,ask,8704000,422,748,23.40%,-0.2104724805,CBMO,N/A,"15:14:41 ET"
$SPX,7197.41,Put,6700,2026-08-21T16:30:00-05:00,109,"113.90 x 84","114.50 x 3",113.62,750,bid,8521500,854,6090,21.19%,-0.2250146905,CBMO,N/A,"14:48:34 ET"
$SPX,7203.95,Call,7250,2026-06-18T16:30:00-05:00,45,"141.30 x 3","142.20 x 3",141.75,600,mid,8505000,2639,13416,14.80%,0.49618148254935,CBMO,N/A,"11:24:52 ET"
$SPX,7227.06,Put,7100,2026-10-16T16:30:00-05:00,165,"238.80 x 46","239.70 x 61",239,350,mid,8365000,350,2187,17.86%,-0.3808889276,CBMO,N/A,"09:52:54 ET"
$SPX,7228.39,Put,7255,2026-06-18T16:30:00-05:00,45,"148.90 x 49","149.60 x 54",148.8,550,bid,8184000,1672,567,14.73%,-0.4955138796,CBMO,N/A,"10:02:35 ET"
$SPX,7228.39,Call,7255,2026-06-18T16:30:00-05:00,45,"146.90 x 43","147.60 x 38",148.8,550,ask,8184000,1692,586,14.22%,0.51674673442651,CBMO,N/A,"10:02:35 ET"
$SPX,7195.02,Put,6975,2026-10-16T16:30:00-05:00,165,"221.50 x 15","223.50 x 13",222.46,360,mid,8008500,840,990,19.04%,-0.3442303785,MLET,N/A,"12:21:19 ET"
$SPX,7197.41,Call,7700,2026-12-18T16:30:00-06:00,228,"198.80 x 36","199.90 x 110",199.2,400,mid,7968000,625,8525,14.56%,0.37172963684282,CBMO,N/A,"14:48:35 ET"
$SPXW,7200.75,Call,7300,2026-05-29T16:30:00-05:00,25,"65.80 x 20","66.20 x 5",66,1200,mid,7920000,4243,5954,13.42%,0.38156891219565,MFSL,N/A,"16:04:50 ET"
$SPX,7211.29,Put,7000,2026-09-18T16:30:00-05:00,137,"194.00 x 57","194.90 x 45",194.2,400,mid,7768000,3519,120944,18.53%,-0.3411662853,CBMO,N/A,"14:06:46 ET"
$SPX,7203,Put,7250,2026-06-18T16:30:00-05:00,45,"165.20 x 15","166.30 x 15",162.48,470,bid,7636500,3471,6293,15.13%,-0.5170549412,CBMO,N/A,"11:36:04 ET"
$SPX,7210.1,Put,6000,2027-03-19T16:30:00-05:00,319,"152.60 x 11","153.50 x 255",152.8,499,mid,7624700,1516,40625,25.25%,-0.1557800812,CBMO,N/A,"14:08:27 ET"
$SPX,7200.11,Call,7230,2026-06-18T16:30:00-05:00,45,"153.40 x 27","155.00 x 25",152,480,bid,7296000,677,1246,15.19%,0.51349169868209,MFSL,N/A,"11:34:01 ET"
$SPX,7200.11,Put,7000,2026-06-18T16:30:00-05:00,45,"86.60 x 68","87.90 x 51",89.07,800,ask,7125600,2890,330616,17.99%,-0.2957219982,MFSL,N/A,"11:34:01 ET"
$SPX,7200.11,Call,7400,2026-06-18T16:30:00-05:00,45,"69.50 x 28","70.70 x 81",68.77,1000,bid,6877000,2807,28350,13.50%,0.32328406513727,MFSL,N/A,"11:34:01 ET"
$SPXW,7219.98,Call,7275,2026-05-29T16:30:00-05:00,25,"87.00 x 19","87.80 x 2",88.4,750,ask,6630000,752,779,13.70%,0.450528240503,MFSL,N/A,"09:34:21 ET"
$SPX,7193.6,Put,7250,2026-06-18T16:30:00-05:00,45,"172.60 x 41","174.30 x 17",173.5,381,mid,6610300,4160,6293,15.26%,-0.5269589048,CBMO,N/A,"12:13:53 ET"
$SPX,7203,Put,7000,2026-07-17T16:30:00-05:00,74,"127.00 x 57","128.20 x 116",127.5,500,mid,6375000,1483,38211,18.15%,-0.3219147752,MFSL,N/A,"11:41:19 ET"
$SPX,7194.73,Put,6000,2027-03-19T16:30:00-05:00,319,"156.10 x 176","157.20 x 118",156.16,400,mid,6246400,3657,40625,25.35%,-0.1587146828,MFSL,N/A,"14:53:45 ET"
$SPX,7198.58,Put,6000,2027-03-19T16:30:00-05:00,319,"155.10 x 111","155.80 x 33",154.8,400,bid,6192000,2116,40625,25.30%,-0.1578174191,MFSL,N/A,"14:31:47 ET"
$SPX,7227.06,Put,6800,2026-10-16T16:30:00-05:00,165,"171.50 x 33","172.40 x 143",172,350,mid,6020000,350,6145,20.25%,-0.27019241,CBMO,N/A,"09:52:54 ET"
$SPX,7203,Call,7400,2026-07-17T16:30:00-05:00,74,"117.60 x 149","119.00 x 59",118,500,mid,5900000,804,7875,13.88%,0.38913490029517,MFSL,N/A,"11:41:19 ET"
$SPX,7231.32,Put,5500,2026-11-20T16:30:00-06:00,200,"57.50 x 437","58.10 x 263",58,1000,mid,5800000,1004,1690,29.65%,-0.0748991912,CBMO,N/A,"11:02:04 ET"
$SPX,7231.32,Put,6500,2026-11-20T16:30:00-06:00,200,"151.20 x 174","152.00 x 3",152,375,ask,5700000,375,3769,22.78%,-0.2070971193,CBMO,N/A,"11:02:04 ET"
$SPX,7203.95,Put,7250,2026-05-15T16:30:00-05:00,11,"92.80 x 66","95.40 x 60",94.55,600,mid,5673000,1225,3347,13.76%,-0.5895913905,CBMO,N/A,"11:24:52 ET"
$SPX,7233.92,Put,7255,2026-06-18T16:30:00-05:00,45,"148.70 x 26","149.40 x 24",149,380,mid,5662000,2343,567,14.72%,-0.4894951661,CBMO,N/A,"10:11:08 ET"
$SPX,7227.28,Put,7150,2026-06-18T16:30:00-05:00,45,"114.10 x 8","114.80 x 46",112.78,500,bid,5639000,1263,35575,15.91%,-0.3890477035,CBMO,N/A,"10:09:49 ET"
$SPX,7236.69,Put,6900,2026-09-18T16:30:00-05:00,137,"160.40 x 71","161.10 x 6",161,350,mid,5635000,532,9805,19.38%,-0.2903746189,CBMO,N/A,"10:43:12 ET"
$SPX,7227.06,Put,7150,2026-06-18T16:30:00-05:00,45,"113.90 x 37","114.50 x 44",112.45,500,bid,5622500,662,35575,15.93%,-0.3893934402,MFSL,N/A,"09:53:12 ET"
$SPX,7203.95,Call,7225,2026-06-18T16:30:00-05:00,45,"157.10 x 5","158.90 x 16",156,360,bid,5616000,390,3480,15.06%,0.52266022184312,CBMO,N/A,"11:25:12 ET"
$SPX,7203.95,Put,7225,2026-06-18T16:30:00-05:00,45,"151.80 x 16","153.70 x 36",155,360,ask,5580000,386,1718,15.26%,-0.4888652558,CBMO,N/A,"11:25:12 ET"
$SPXW,7199.44,Put,5700,2026-12-31T16:30:00-06:00,241,"89.90 x 69","90.80 x 77",90.4,600,mid,5424000,600,932,27.68%,-0.1062620451,CBMO,N/A,"15:43:08 ET"
$SPX,7203.3,Put,6300,2026-12-18T16:30:00-06:00,228,"149.20 x 108","150.30 x 19",149.7,360,mid,5389100,501,17812,24.14%,-0.1841911572,MFSL,N/A,"15:07:33 ET"
$SPX,7203.95,Put,7000,2026-06-18T16:30:00-05:00,45,"86.80 x 10","88.20 x 49",88.7,600,ask,5322000,1877,330616,17.93%,-0.2922381055,CBMO,N/A,"11:25:12 ET"
$SPX,7203,Call,7225,2026-06-18T16:30:00-05:00,45,"155.50 x 31","157.10 x 11",156,340,mid,5304000,741,3480,15.04%,0.52166775586889,MFSL,N/A,"11:41:19 ET"
$SPX,7207.71,Put,6000,2026-07-17T16:30:00-05:00,74,"26.10 x 219","26.40 x 134",26.27,2000,mid,5254000,3162,71727,28.67%,-0.0620530851,CBMO,N/A,"13:51:16 ET"
$SPX,7244.2,Call,7265,2026-06-18T16:30:00-05:00,45,"146.80 x 21","147.80 x 21",147.5,350,mid,5162500,443,493,14.20%,0.52319725733999,CBMO,N/A,"10:34:26 ET"
$SPX,7198.58,Put,7000,2026-07-17T16:30:00-05:00,74,"127.50 x 125","128.20 x 29",128,400,mid,5120000,5409,38211,18.05%,-0.3239143971,MFSL,N/A,"14:25:59 ET"
$SPXW,7195.71,Call,7350,2026-05-22T16:30:00-05:00,18,"33.90 x 7","34.20 x 9",34,1500,mid,5100000,1582,3695,13.06%,0.25621460860156,MFSL,N/A,"14:12:24 ET"
$SPX,7244.2,Put,7265,2026-06-18T16:30:00-05:00,45,"145.40 x 25","146.20 x 25",145.5,350,mid,5092500,447,493,14.57%,-0.4892423226,CBMO,N/A,"10:34:26 ET"
$SPXW,7200.75,Call,7400,2026-05-29T16:30:00-05:00,25,"29.00 x 38","29.40 x 18",29.4,1600,ask,4704000,5797,9092,12.19%,0.22320743195853,MFSL,N/A,"16:04:50 ET"
$SPXW,7200.75,Put,6950,2026-05-29T16:30:00-05:00,25,"45.90 x 4","46.30 x 15",45.7,1000,bid,4570000,1638,3865,19.05%,-0.2178888561,MFSL,N/A,"15:53:14 ET"
$SPXW,7195.71,Put,7250,2026-05-04T16:30:00-05:00,0,"51.60 x 2","52.20 x 1",45.38,1000,bid,4538000,8549,1204,0.00%,0,CBMO,N/A,"14:26:46 ET"
$SPXW,7195.71,Put,7250,2026-05-05T16:30:00-05:00,1,"54.60 x 10","56.10 x 10",49.7,900,bid,4473000,4110,340,13.27%,-0.8600043582,CBMO,N/A,"14:26:46 ET"
$SPXW,7200.75,Put,6800,2026-05-29T16:30:00-05:00,25,"27.70 x 27","28.00 x 11",27.9,1600,mid,4464000,4799,9700,21.17%,-0.1352641162,MFSL,N/A,"16:04:50 ET"
$SPXW,7199.44,Put,7250,2026-05-05T16:30:00-05:00,1,"48.00 x 7","49.50 x 1",49.15,900,mid,4423500,5251,340,11.50%,-0.8777922681,CBMO,N/A,"15:38:48 ET"
$SPX,7228.12,Call,7250,2026-05-15T16:30:00-05:00,11,"57.10 x 82","58.10 x 134",58.5,750,ask,4387500,920,8731,13.12%,0.47083359896992,MFSL,N/A,"09:34:21 ET"
$SPX,7227.06,Put,6500,2026-10-16T16:30:00-05:00,165,"124.00 x 153","124.80 x 176",124,350,bid,4340000,351,6134,22.57%,-0.1931026525,CBMO,N/A,"09:52:54 ET"
$SPX,7236.69,Put,6800,2026-08-21T16:30:00-05:00,109,"115.60 x 70","116.20 x 29",115.5,375,bid,4331200,482,3715,20.08%,-0.2404720225,CBMO,N/A,"10:48:44 ET"
$SPXW,7203.31,Put,7250,2026-05-04T16:30:00-05:00,0,"44.90 x 4","46.80 x 5",42.78,1000,bid,4278000,6264,1204,0.00%,0,CBMO,N/A,"11:21:17 ET"
$SPX,7203.95,Call,7400,2026-06-18T16:30:00-05:00,45,"70.20 x 35","72.00 x 30",70,600,bid,4200000,1737,28350,13.39%,0.32587539450584,CBMO,N/A,"11:25:12 ET"
$SPX,7199.46,Put,6000,2026-07-17T16:30:00-05:00,74,"26.70 x 353","27.00 x 226",27.05,1500,ask,4057500,4693,71727,28.71%,-0.0633942113,CBMO,N/A,"15:19:51 ET"
$SPXW,7194.35,Put,5800,2026-07-31T16:30:00-05:00,88,"27.90 x 179","28.30 x 24",28.2,1400,mid,3948000,1501,2104,30.40%,-0.0579557266,CBMO,N/A,"14:54:04 ET"
$SPX,7204.77,Put,5500,2026-09-18T16:30:00-05:00,137,"36.50 x 587","36.90 x 378",37,1000,ask,3700000,1019,13570,31.22%,-0.0578378701,CBMO,N/A,"15:36:36 ET"
$SPXW,7203.31,Put,7250,2026-05-05T16:30:00-05:00,1,"50.80 x 1","53.10 x 1",49.21,750,bid,3690700,2418,340,14.55%,-0.7997008411,CBMO,N/A,"11:21:17 ET"
$SPX,7203.95,Call,7250,2026-05-15T16:30:00-05:00,11,"51.10 x 13","52.20 x 25",51.55,700,mid,3608500,2132,8731,13.92%,0.4183265056622,CBMO,N/A,"11:24:52 ET"
$SPX,7236.69,Put,7000,2026-05-15T16:30:00-05:00,11,"14.50 x 162","14.90 x 491",14.76,2400,mid,3542400,3648,105934,18.03%,-0.1335919075,MFSL,N/A,"10:47:52 ET"
$SPXW,7200.75,Call,7400,2026-05-29T16:30:00-05:00,25,"29.00 x 33","29.40 x 13",29.4,1200,ask,3528000,5797,9092,12.19%,0.22320743195853,MFSL,N/A,"16:04:50 ET"
$SPX,7198.58,Put,6000,2026-08-21T16:30:00-05:00,109,"46.60 x 253","47.20 x 413",47,750,mid,3525000,1277,30738,27.56%,-0.0883850449,MFSL,N/A,"14:28:55 ET"
$SPXW,7200.75,Call,7500,2026-05-29T16:30:00-05:00,25,"9.80 x 124","10.10 x 79",9.8,3500,bid,3430000,3789,4748,11.23%,0.099162682635537,MFSL,N/A,"16:04:50 ET"
$SPXW,7200.75,Put,6800,2026-05-29T16:30:00-05:00,25,"27.70 x 27","28.00 x 11",27.9,1200,mid,3348000,4799,9700,21.17%,-0.1352641162,MFSL,N/A,"16:04:50 ET"
$SPX,7238.82,Put,6000,2026-10-16T16:30:00-05:00,165,"71.40 x 10","71.90 x 286",71.75,450,mid,3228700,1000,5957,26.23%,-0.1082041968,CBMO,N/A,"10:20:06 ET"
$SPX,7227.06,Put,6200,2026-10-16T16:30:00-05:00,165,"90.10 x 20","90.70 x 255",90.1,350,bid,3153400,356,2095,24.82%,-0.1379949762,CBMO,N/A,"09:52:54 ET"
$SPX,7196.49,Call,7225,2026-05-15T16:30:00-05:00,11,"59.40 x 109","60.10 x 57",60.83,500,ask,3041500,610,4187,14.38%,0.45939231088709,CBMO,N/A,"12:59:24 ET"
$SPX,7237.3,Call,7400,2026-06-18T16:30:00-05:00,45,"76.70 x 174","77.30 x 36",76.83,395,mid,3034700,1119,28350,12.92%,0.35657630255916,MLET,N/A,"10:16:38 ET"
$SPXW,7199.44,Put,7250,2026-05-04T16:30:00-05:00,0,"45.10 x 2","45.70 x 7",46.13,650,ask,2998400,9743,1204,0.00%,0,CBMO,N/A,"15:38:49 ET"
$SPX,7236.69,Put,6635,2026-07-17T16:30:00-05:00,74,"59.80 x 105","60.20 x 80",59.98,465,mid,2789000,465,741,21.74%,-0.1579910987,MFSL,N/A,"10:50:44 ET"
$SPX,7236.69,Put,6810,2026-07-17T16:30:00-05:00,74,"79.80 x 63","80.30 x 10",80.2,344,mid,2758800,575,228,19.88%,-0.2133663085,MFSL,N/A,"10:50:44 ET"
$SPX,7197.1,Put,6300,2026-07-17T16:30:00-05:00,74,"41.60 x 343","42.10 x 381",42,630,mid,2646000,1814,14147,25.58%,-0.1017826586,MFSL,N/A,"13:13:44 ET"
$SPXW,7204.73,Put,7250,2026-05-04T16:30:00-05:00,0,"42.50 x 2","43.40 x 2",43.45,600,ask,2607000,6978,1204,7.62%,-0.9507338654,CBMO,N/A,"11:29:47 ET"
$SPXW,7194.09,Put,6325,2026-05-29T16:30:00-05:00,25,"7.90 x 5","8.10 x 159",7.97,3227,mid,2571900,4561,907,28.49%,-0.0363372552,MLET,ToOpen,"14:44:25 ET"
$SPX,7195.76,Put,4000,2027-12-17T16:30:00-06:00,592,"63.30 x 188","65.20 x 316",64.12,400,mid,2564800,400,47259,33.58%,-0.0434105933,CBMO,N/A,"12:27:58 ET"
$SPXW,7194.09,Put,6300,2026-05-29T16:30:00-05:00,25,"7.40 x 141","7.70 x 402",7.57,3227,mid,2442800,4586,10380,28.93%,-0.0342751479,MLET,N/A,"14:44:25 ET"
$SPXW,7194.35,Put,6325,2026-05-29T16:30:00-05:00,25,"7.70 x 157","8.00 x 159",7.82,3075,mid,2404600,7636,907,28.40%,-0.0358460396,MFSL,N/A,"14:49:08 ET"
$SPX,7197.1,Put,6300,2026-07-17T16:30:00-05:00,74,"41.60 x 343","42.10 x 371",42,570,mid,2394000,1814,14147,25.58%,-0.1017826586,MFSL,N/A,"13:13:44 ET"
$SPX,7203,Put,7195,2026-05-15T16:30:00-05:00,11,"70.60 x 10","71.60 x 56",67.2,350,bid,2352000,396,382,15.17%,-0.465275903,CBMO,N/A,"11:36:04 ET"
$SPX,7228.39,Put,6000,2026-09-18T16:30:00-05:00,137,"57.90 x 185","58.30 x 291",58.01,400,mid,2320400,693,139499,26.71%,-0.0975127651,MFSL,N/A,"10:01:17 ET"
$SPX,7236.69,Call,8000,2026-09-18T16:30:00-05:00,137,"37.90 x 317","38.40 x 77",38.11,600,mid,2286600,3650,19017,12.52%,0.13808375698897,MFSL,N/A,"10:47:52 ET"
$SPXW,7205.06,Put,6900,2026-06-01T16:30:00-05:00,28,"40.90 x 15","41.40 x 41",41.15,549,mid,2259100,561,202,19.28%,-0.1885965393,MLET,ToOpen,"13:40:51 ET"
$SPX,7228.12,Call,8300,2026-12-18T16:30:00-06:00,228,"49.70 x 218","50.50 x 410",49.92,433,mid,2161500,501,8040,12.88%,0.14025220752402,MLET,N/A,"09:43:00 ET"
$SPXW,7191.83,Call,7800,2026-07-31T16:30:00-05:00,88,"26.60 x 62","27.30 x 61",25.1,850,bid,2133500,1502,557,12.46%,0.12475318293348,CBMO,N/A,"12:25:47 ET"
$SPXW,7200.75,Call,7400,2026-05-29T16:30:00-05:00,25,"29.00 x 4","29.30 x 33",29.55,700,ask,2068500,5797,9092,12.19%,0.22320743195853,MFSL,N/A,"16:01:29 ET"
$SPX,7236.69,Put,6905,2026-06-18T16:30:00-05:00,45,"58.20 x 87","58.70 x 65",58.48,352,mid,2058400,373,600,18.97%,-0.2129768819,MFSL,N/A,"10:50:44 ET"
$SPXW,7200.75,Call,7400,2026-05-29T16:30:00-05:00,25,"28.90 x 32","29.30 x 27",29,700,mid,2030000,5797,9092,12.19%,0.22320743195853,CBMO,N/A,"15:59:25 ET"
$SPXW,7200.75,Put,7115,2026-05-08T16:30:00-05:00,4,"19.60 x 25","19.80 x 14",20.17,1000,ask,2017000,1652,373,17.93%,-0.2525550973,CBMO,N/A,"16:01:03 ET"
$SPX,7205.35,Call,8800,2027-02-19T16:30:00-06:00,291,"26.70 x 214","27.50 x 244",26.8,750,mid,2010000,750,2537,12.79%,0.075831613144346,CBMO,N/A,"13:23:03 ET"
$SPX,7228.39,Put,5200,2026-09-18T16:30:00-05:00,137,"25.60 x 703","25.90 x 31",25.85,720,mid,1861200,720,9142,33.78%,-0.0395149487,CBMO,N/A,"10:04:25 ET"
$SPX,7207.71,Put,6000,2026-07-17T16:30:00-05:00,74,"26.10 x 219","26.40 x 174",26.27,700,mid,1838900,3162,71727,28.67%,-0.0620530851,CBMO,N/A,"13:51:16 ET"
$SPXW,7230.12,Put,6900,2026-05-20T16:30:00-05:00,16,"20.40 x 16","21.10 x 22",20.74,882,mid,1829200,1018,5271,20.69%,-0.1284122369,MLET,N/A,"07:11:21 ET"
$SPX,7194.73,Put,4600,2026-08-21T16:30:00-05:00,109,"11.80 x 670","12.10 x 793",12,1500,mid,1800000,1500,2041,42.41%,-0.018305285,CBMO,N/A,"14:54:04 ET"
$SPXW,7200.75,Put,7125,2026-05-07T16:30:00-05:00,3,"17.00 x 19","17.20 x 36",17.58,1000,ask,1758000,1325,135,17.41%,-0.2436188079,CBMO,BuyToOpen,"15:56:21 ET"
$SPX,7193.6,Call,7250,2026-05-15T16:30:00-05:00,11,"45.50 x 98","46.40 x 45",45.8,381,mid,1744900,3046,8731,13.86%,0.39476333476681,CBMO,N/A,"12:13:53 ET"
$SPXW,7240.24,Put,7100,2026-05-11T16:30:00-05:00,7,"14.50 x 37","14.70 x 15",14.25,1200,bid,1710000,2157,1872,15.61%,-0.1724193975,MFSL,N/A,"10:34:51 ET"
$SPX,7237.3,Call,7500,2026-06-18T16:30:00-05:00,45,"42.80 x 176","43.30 x 38",43.13,395,mid,1703600,1048,31227,12.23%,0.24080437530209,MLET,N/A,"10:16:38 ET"
$SPX,7196.49,Call,7250,2026-05-15T16:30:00-05:00,11,"47.00 x 153","47.70 x 79",48.3,350,ask,1690500,3558,8731,13.91%,0.40151877403384,CBMO,N/A,"12:59:24 ET"
$SPXW,7200.97,Put,7150,2026-05-06T16:30:00-05:00,2,"15.90 x 79","16.10 x 34",16,1040,mid,1664000,3864,2225,17.52%,-0.2851531073,SLFT,N/A,"15:25:28 ET"
$SPXW,7191.83,Call,7800,2026-07-31T16:30:00-05:00,88,"26.70 x 1","27.20 x 1",25.6,650,bid,1664000,1502,557,12.46%,0.12475318293348,CBMO,N/A,"12:24:10 ET"
$SPXW,7199.44,Put,7150,2026-05-06T16:30:00-05:00,2,"15.60 x 56","15.80 x 53",14.68,1100,bid,1614800,5030,2225,17.06%,-0.2857658149,CBMO,N/A,"15:43:18 ET"
$SPX,7244.2,Call,7550,2026-06-18T16:30:00-05:00,45,"31.00 x 239","31.40 x 30",31.57,500,ask,1578500,508,7770,12.06%,0.19803699109907,MFSL,N/A,"10:29:32 ET"
$SPXW,7238.56,Call,7350,2026-05-08T16:30:00-05:00,4,"5.20 x 81","5.30 x 31",5.22,3000,mid,1566000,3654,6679,12.00%,0.11926456511909,MFSL,N/A,"10:25:06 ET"
$SPX,7236.69,Put,6675,2026-06-18T16:30:00-05:00,45,"34.30 x 228","34.70 x 294",34.6,450,mid,1557000,750,7069,21.72%,-0.1249223633,CBMO,N/A,"10:54:59 ET"
$SPXW,7240.24,Put,7070,2026-05-11T16:30:00-05:00,7,"11.30 x 38","11.50 x 41",11.04,1400,bid,1545500,1543,285,16.27%,-0.1366810834,MFSL,SellToOpen,"10:34:51 ET"
$SPX,7204.04,Put,6500,2026-06-18T16:30:00-05:00,45,"27.70 x 53","28.00 x 188",27.9,550,mid,1534500,664,38164,24.07%,-0.0954886111,CBMO,N/A,"13:33:14 ET"
$SPX,7228.12,Call,8700,2026-12-18T16:30:00-06:00,228,"17.30 x 304","17.80 x 498",17.61,866,mid,1525000,1002,2511,12.70%,0.058737948182151,MLET,N/A,"09:43:00 ET"
$SPXW,7199.44,Put,7080,2026-05-08T16:30:00-05:00,4,"15.20 x 22","15.40 x 41",14.86,1000,bid,1486000,1375,953,18.98%,-0.1921258791,CBMO,N/A,"15:45:28 ET"
$SPX,7233.92,Put,7050,2026-05-15T16:30:00-05:00,11,"22.10 x 245","22.60 x 192",22.4,650,mid,1455900,3247,9908,17.05%,-0.1792901403,CBMO,N/A,"10:11:08 ET"
$SPX,7202.49,Call,7950,2026-09-18T16:30:00-05:00,137,"40.10 x 275","40.70 x 196",40.5,350,mid,1417500,351,1388,12.67%,0.14569098492785,CBMO,N/A,"14:21:27 ET"
$SPXW,7238.56,Put,6960,2026-05-20T16:30:00-05:00,16,"20.30 x 17","20.60 x 54",20.54,688,mid,1413100,3750,51,18.35%,-0.1405577222,MLET,N/A,"10:26:55 ET"
$SPXW,7238.56,Put,6800,2026-05-20T16:30:00-05:00,16,"10.00 x 39","10.30 x 80",10.12,1376,mid,1392500,7501,7814,21.05%,-0.0702756074,MLET,N/A,"10:26:55 ET"
$SPX,7195.76,Call,7900,2026-08-21T16:30:00-05:00,109,"27.50 x 414","28.30 x 344",27.74,500,mid,1387000,500,2109,12.42%,0.11901774615189,CBMO,N/A,"12:30:00 ET"
$SPXW,7194.35,Put,6300,2026-05-29T16:30:00-05:00,25,"7.30 x 159","7.60 x 164",7.42,1845,mid,1368900,7661,10380,28.83%,-0.03378489,MFSL,N/A,"14:49:08 ET"
$SPXW,7238.56,Put,6650,2026-05-29T16:30:00-05:00,25,"14.00 x 84","14.30 x 59",14.1,970,mid,1367700,1455,569,22.81%,-0.0683008725,MFSL,N/A,"10:07:36 ET"
$SPXW,7199.5,Put,7100,2026-05-06T16:30:00-05:00,2,"12.00 x 9","12.20 x 22",13.65,1000,ask,1365000,3451,1013,20.70%,-0.1767841125,CBMO,N/A,"12:19:04 ET"
$SPX,7236.69,Put,6700,2026-06-18T16:30:00-05:00,45,"36.10 x 188","36.50 x 132",36.3,375,mid,1361200,414,47370,21.39%,-0.1319439693,CBMO,N/A,"10:48:44 ET"
$SPXW,7198.61,Put,6700,2026-05-22T16:30:00-05:00,18,"13.30 x 49","13.60 x 14",13.51,1000,mid,1351000,1038,656,23.69%,-0.0775399274,MLET,ToOpen,"14:29:07 ET"
$SPXW,7205.06,Call,7425,2026-06-01T16:30:00-05:00,28,"26.00 x 44","26.50 x 15",26.25,513,mid,1346600,556,41,11.72%,0.20499805598852,MLET,ToOpen,"13:40:51 ET"
$SPX,7233.92,Put,7050,2026-05-15T16:30:00-05:00,11,"22.10 x 245","22.60 x 228",22.4,600,mid,1344000,3247,9908,17.05%,-0.1792901403,CBMO,N/A,"10:11:08 ET"
$SPXW,7230.12,Put,6800,2026-05-20T16:30:00-05:00,16,"13.40 x 22","13.90 x 3",13.66,972,mid,1327700,4500,7814,22.14%,-0.0841733774,MLET,N/A,"07:52:16 ET"
$SPX,7236.69,Call,8000,2026-09-18T16:30:00-05:00,137,"37.90 x 40","38.30 x 94",37.8,350,bid,1322900,3650,19017,12.52%,0.13808375698897,CBMO,N/A,"10:43:12 ET"
$SPX,7231.32,Put,4500,2026-11-20T16:30:00-06:00,200,"25.00 x 161","25.40 x 337",25.46,500,ask,1273000,500,349,38.05%,-0.0292710316,CBMO,BuyToOpen,"11:02:04 ET"
$SPX,7195.02,Put,7000,2026-05-15T16:30:00-05:00,11,"23.90 x 20","25.00 x 56",24.7,500,mid,1235000,4843,105934,18.88%,-0.1881924926,CBMO,N/A,"12:23:36 ET"
$SPXW,7240.24,Put,7100,2026-05-11T16:30:00-05:00,7,"14.50 x 37","14.70 x 15",14.25,800,bid,1140000,2157,1872,15.61%,-0.1724193975,MFSL,N/A,"10:34:51 ET"
$SPXW,7198.61,Put,6650,2026-05-22T16:30:00-05:00,18,"11.20 x 102","11.50 x 103",11.31,1000,mid,1131000,1035,3985,24.49%,-0.0648381021,MLET,N/A,"14:29:07 ET"
$SPXW,7200.75,Put,7125,2026-05-05T16:30:00-05:00,1,"4.70 x 84","4.90 x 70",5.05,2172,ask,1096800,11994,782,18.48%,-0.1340526717,MFSL,N/A,"15:55:33 ET"
$SPXW,7199.44,Put,7090,2026-05-07T16:30:00-05:00,3,"10.80 x 57","11.00 x 10",10.68,1000,bid,1068000,1132,218,18.68%,-0.1764994693,CBMO,SellToOpen,"15:39:28 ET"
$SPXW,7200.75,Put,7125,2026-05-05T16:30:00-05:00,1,"4.70 x 63","4.90 x 59",4.83,2200,mid,1062600,11994,782,18.48%,-0.1340526717,MFSL,N/A,"15:53:20 ET"
$SPX,7195.02,Call,7325,2026-05-15T16:30:00-05:00,11,"20.50 x 38","21.60 x 18",21,500,mid,1050000,864,3915,12.82%,0.22843713765654,CBMO,N/A,"12:23:36 ET"
$SPXW,7240.24,Put,7020,2026-05-11T16:30:00-05:00,7,"7.50 x 37","7.70 x 52",7.35,1400,bid,1029000,1426,158,17.36%,-0.0927672361,MFSL,SellToOpen,"10:34:51 ET"
$SPX,7204.04,Call,7600,2026-06-18T16:30:00-05:00,45,"18.20 x 193","18.60 x 96",18.5,550,mid,1017500,871,23062,11.85%,0.12371927274614,CBMO,N/A,"13:33:14 ET"
$SPXW,7238.56,Call,7300,2026-05-06T16:30:00-05:00,2,"4.90 x 17","5.00 x 94",4.83,2000,bid,966000,2651,3393,11.15%,0.15967387205866,MFSL,N/A,"10:25:06 ET"
$SPX,7203.3,Put,6950,2026-05-15T16:30:00-05:00,11,"16.70 x 295","17.10 x 87",16.81,550,mid,924500,721,15088,19.37%,-0.1333356357,CBMO,N/A,"15:13:08 ET"
$SPXW,7238.56,Put,7010,2026-05-06T16:30:00-05:00,2,"1.35 x 221","1.45 x 107",1.53,6000,ask,918000,6039,2150,22.98%,-0.0283495407,MFSL,BuyToOpen,"10:13:12 ET"
$SPXW,7194.35,Put,6300,2026-05-29T16:30:00-05:00,25,"7.30 x 159","7.60 x 164",7.42,1230,mid,912600,7661,10380,28.83%,-0.03378489,MFSL,N/A,"14:49:08 ET"
$SPX,7195.02,Call,7300,2026-05-15T16:30:00-05:00,11,"27.30 x 15","30.70 x 15",26,350,bid,910000,1389,14310,13.31%,0.28508975461432,CBMO,N/A,"12:19:52 ET"
$SPX,7204.77,Put,5830,2026-07-17T16:30:00-05:00,74,"21.40 x 287","21.90 x 589",21.61,413,mid,892400,472,207,30.69%,-0.0494094235,MLET,ToOpen,"15:32:07 ET"
$SPXW,7200.75,Put,7125,2026-05-05T16:30:00-05:00,1,"4.70 x 96","4.90 x 85",4.8,1852,mid,888900,11994,782,18.48%,-0.1340526717,MLET,N/A,"15:51:01 ET"
$SPX,7236.69,Put,7000,2026-05-15T16:30:00-05:00,11,"14.50 x 162","14.90 x 491",14.76,600,mid,885600,3648,105934,18.03%,-0.1335919075,MFSL,N/A,"10:47:52 ET"
$SPX,7238.72,Call,8200,2026-07-17T16:30:00-05:00,74,"2.55 x 495","2.70 x 134",2.64,3300,mid,871200,5500,15507,12.31%,0.018421771126733,MFSL,N/A,"10:26:42 ET"
$SPXW,7203.31,Call,7250,2026-05-05T16:30:00-05:00,1,"8.10 x 9","8.30 x 9",8.3,1000,ask,830000,3289,729,16.86%,0.23691071338863,CBMO,N/A,"11:21:17 ET"
$SPXW,7195.71,Call,7450,2026-05-22T16:30:00-05:00,18,"10.50 x 5","10.70 x 5",10.79,750,ask,809200,1089,876,11.93%,0.10937841186382,CBMO,N/A,"13:54:31 ET"
$SPX,7199.46,Put,5000,2026-07-17T16:30:00-05:00,74,"8.70 x 1292","9.00 x 799",8.95,900,mid,805400,1559,29485,40.94%,-0.0175361807,CBMO,N/A,"15:19:51 ET"
$SPXW,7200.75,Put,7120,2026-05-05T16:30:00-05:00,1,"4.20 x 77","4.40 x 137",4.3,1852,mid,796300,11622,370,18.72%,-0.1220157593,MLET,N/A,"15:51:01 ET"
$SPXW,7195.71,Put,6325,2026-05-29T16:30:00-05:00,25,"7.80 x 42","8.00 x 226",7.87,998,mid,785400,1064,907,28.48%,-0.0360607885,MLET,ToOpen,"14:27:01 ET"
$SPX,7203.3,Put,6900,2026-05-15T16:30:00-05:00,11,"12.70 x 161","13.00 x 281",12.77,600,mid,766200,2314,26512,20.24%,-0.1020168304,CBMO,N/A,"15:12:59 ET"
$SPXW,7195.71,Put,6300,2026-05-29T16:30:00-05:00,25,"7.30 x 163","7.60 x 231",7.47,998,mid,745500,1089,10380,28.92%,-0.0340027325,MLET,N/A,"14:27:01 ET"
$SPXW,7191.83,Put,7000,2026-05-06T16:30:00-05:00,2,"3.30 x 134","3.50 x 65",3.5,2100,ask,735000,11692,1988,24.84%,-0.0681886966,CBMO,N/A,"12:24:11 ET"
$SPX,7244.2,Call,7375,2026-05-15T16:30:00-05:00,11,"14.00 x 329","14.40 x 162",14.47,500,ask,723500,657,4162,11.39%,0.20053766901514,MFSL,N/A,"10:29:32 ET"
$SPXW,7230.12,Put,6800,2026-05-20T16:30:00-05:00,16,"13.40 x 47","13.90 x 3",13.59,520,mid,706600,3286,7814,22.50%,-0.0874973612,MLET,N/A,"07:34:27 ET"
$SPX,7238.72,Call,8400,2026-07-17T16:30:00-05:00,74,"1.20 x 114","1.35 x 218",1.25,5500,mid,687500,5500,305,13.08%,0.0089064563916936,MFSL,ToOpen,"10:26:42 ET"
$SPXW,7191.83,Put,6900,2026-05-11T16:30:00-05:00,7,"6.70 x 64","7.00 x 79",6.73,1000,mid,673000,1837,598,21.38%,-0.075557369,MFSL,N/A,"12:25:53 ET"
$SPXW,7235.54,Call,7335,2026-05-11T16:30:00-05:00,7,"12.30 x 19","12.50 x 5",12.3,539,bid,662900,575,47,10.97%,0.19893766039054,MLET,SellToOpen,"10:57:05 ET"
$SPXW,7191.83,Put,6895,2026-05-11T16:30:00-05:00,7,"6.50 x 42","6.80 x 55",6.53,1000,mid,653000,1012,68,21.48%,-0.0730676749,MFSL,ToOpen,"12:25:53 ET"
$SPXW,7197.89,Call,7305,2026-05-08T16:30:00-05:00,4,"9.20 x 48","9.40 x 19",9.3,702,mid,652800,1314,1080,13.85%,0.16248696082341,MLET,N/A,"11:43:30 ET"
$SPX,7195.02,Put,6400,2026-05-15T16:30:00-05:00,11,"2.60 x 325","2.85 x 638",3.2,1950,ask,624000,4677,20126,32.92%,-0.0180826031,CBMO,N/A,"12:25:47 ET"
$SPXW,7200.75,Call,8200,2026-07-31T16:30:00-05:00,88,"3.70 x 79","4.00 x 162",3.85,1600,mid,616000,1676,32872,12.29%,0.0240399935938,MFSL,N/A,"16:07:15 ET"
$SPXW,7202.21,Put,6500,2026-05-22T16:30:00-05:00,18,"6.90 x 117","7.10 x 125",6.98,875,mid,610700,1649,2777,27.12%,-0.0391219544,CBMO,N/A,"15:13:08 ET"
$SPX,7238.72,Call,8200,2026-07-17T16:30:00-05:00,74,"2.55 x 495","2.70 x 124",2.64,2200,mid,580800,5500,15507,12.31%,0.018421771126733,MFSL,N/A,"10:26:42 ET"
$SPX,7195.02,Put,6400,2026-05-15T16:30:00-05:00,11,"2.55 x 501","2.85 x 735",3.2,1800,ask,576000,4677,20126,32.92%,-0.0180826031,CBMO,N/A,"12:24:10 ET"
$SPXW,7199.44,Put,7005,2026-05-08T16:30:00-05:00,4,"7.10 x 16","7.30 x 90",7.18,798,mid,572900,1722,340,20.74%,-0.0987144923,MLET,N/A,"15:43:27 ET"
$SPXW,7200.75,Put,7120,2026-05-05T16:30:00-05:00,1,"4.20 x 58","4.40 x 87",4.33,1320,mid,571500,11622,370,18.72%,-0.1220157593,MFSL,N/A,"15:53:20 ET"
$SPX,7244.2,Call,7700,2026-06-18T16:30:00-05:00,45,"11.00 x 433","11.30 x 213",11.2,500,mid,560000,918,21568,11.59%,0.085603512112076,MFSL,N/A,"10:40:00 ET"
$SPXW,7200.75,Put,7120,2026-05-05T16:30:00-05:00,1,"4.20 x 92","4.40 x 106",4.55,1214,ask,552300,11622,370,18.72%,-0.1220157593,MFSL,N/A,"15:55:33 ET"
$SPXW,7206.59,Put,6725,2026-05-11T16:30:00-05:00,7,"1.80 x 244","1.95 x 92",1.95,2763,ask,538700,2801,169,24.98%,-0.0209230109,AUTO,BuyToOpen,"13:46:17 ET"
$SPXW,7242.85,Put,7230,2026-05-04T16:30:00-05:00,0,"5.10 x 157","5.20 x 13",5.34,1000,ask,534000,20530,1293,7.00%,-0.3038022235,MFSL,N/A,"10:40:29 ET"
$SPXW,7242.85,Call,7250,2026-05-04T16:30:00-05:00,0,"5.40 x 73","5.50 x 42",5.34,1000,bid,534000,38031,2024,5.26%,0.37316955080427,MFSL,N/A,"10:40:29 ET"
$SPXW,7204.73,Put,6750,2026-05-15T16:30:00-05:00,11,"7.40 x 18","7.70 x 81",7.4,700,bid,518000,741,5667,24.69%,-0.0586639244,MFSL,N/A,"11:34:18 ET"
$SPX,7195.02,Call,8300,2026-09-18T16:30:00-05:00,137,"10.70 x 394","11.30 x 1037",11.1,450,mid,499500,501,8397,12.49%,0.049664865415263,MFSL,N/A,"12:26:10 ET"
$SPXW,7238.56,Put,7000,2026-05-06T16:30:00-05:00,2,"1.20 x 278","1.30 x 88",1.38,3600,ask,496800,6426,1988,23.43%,-0.0254880267,MFSL,N/A,"10:13:12 ET"
$SPX,7203,Call,7900,2026-07-17T16:30:00-05:00,74,"9.70 x 762","10.40 x 1024",9.9,500,mid,495000,501,6257,11.95%,0.060431931732223,MFSL,N/A,"11:35:21 ET"
$SPXW,7204.73,Call,7250,2026-05-05T16:30:00-05:00,1,"8.10 x 63","8.30 x 7",8.2,600,mid,492000,4115,729,15.51%,0.22499804310054,CBMO,N/A,"11:29:47 ET"
$SPXW,7195.71,Call,7250,2026-05-05T16:30:00-05:00,1,"3.80 x 100","4.00 x 92",4.79,1000,ask,479000,10062,729,13.25%,0.14319875915926,CBMO,N/A,"14:26:46 ET"
$SPXW,7200.75,Put,7005,2026-05-08T16:30:00-05:00,4,"6.60 x 29","6.70 x 21",7.12,662,ask,471300,2384,340,20.33%,-0.0929199079,MFSL,N/A,"15:48:08 ET"
$SPXW,7205.06,Call,7400,2026-05-15T16:30:00-05:00,11,"7.40 x 40","7.70 x 40",7.6,600,mid,456000,1033,4471,11.86%,0.10869083344809,CBMO,N/A,"13:40:55 ET"
$SPXW,7242.85,Call,7245,2026-05-04T16:30:00-05:00,0,"7.60 x 12","7.70 x 75",7.57,600,bid,454200,25260,795,5.26%,0.47159533837516,MFSL,N/A,"10:40:29 ET"
$SPXW,7204.73,Put,7170,2026-05-04T16:30:00-05:00,0,"4.70 x 122","4.80 x 2",4.52,1000,bid,452000,25008,1595,11.55%,-0.2052427921,MFSL,N/A,"11:29:20 ET"
$SPXW,7200.75,Put,7120,2026-05-05T16:30:00-05:00,1,"4.20 x 92","4.40 x 105",4.55,958,ask,435800,11622,370,18.72%,-0.1220157593,MFSL,N/A,"15:55:33 ET"
$SPXW,7206.92,Put,6375,2026-05-14T16:30:00-05:00,10,"1.95 x 238","2.15 x 130",2.13,2000,mid,426000,2000,101,33.45%,-0.0119274021,CBMO,ToOpen,"13:07:04 ET"
$SPXW,7208.46,Put,7000,2026-05-05T16:30:00-05:00,1,"1.25 x 15","1.35 x 92",1.22,3391,bid,413700,21242,12078,29.32%,-0.0270621727,MFSL,N/A,"11:23:07 ET"
$SPXW,7188.32,Put,6975,2026-05-06T16:30:00-05:00,2,"3.30 x 205","3.50 x 179",3.42,1200,mid,410400,1899,1232,26.10%,-0.0572113812,MFSL,N/A,"12:57:59 ET"
$SPXW,7242.85,Put,7235,2026-05-04T16:30:00-05:00,0,"6.50 x 121","6.60 x 9",6.76,600,ask,405600,13670,910,6.79%,-0.3697726267,MFSL,N/A,"10:40:29 ET"
$SPXW,7199.44,Put,7000,2026-05-06T16:30:00-05:00,2,"1.85 x 93","1.95 x 139",1.74,2200,bid,382800,15225,1988,21.93%,-0.0400251613,CBMO,N/A,"15:43:18 ET"
$SPXW,7200.75,Put,7120,2026-05-05T16:30:00-05:00,1,"4.20 x 48","4.40 x 94",4.33,880,mid,381000,11622,370,18.72%,-0.1220157593,MFSL,N/A,"15:53:20 ET"
$SPXW,7191.83,Put,7000,2026-05-06T16:30:00-05:00,2,"3.60 x 61","3.70 x 37",3.65,1000,mid,365000,11692,1988,24.84%,-0.0681886966,CBMO,N/A,"12:35:24 ET"
$SPX,7205.05,Call,7400,2026-05-15T16:30:00-05:00,11,"6.70 x 247","7.10 x 138",7.2,500,ask,360000,1309,10916,11.55%,0.10261497734316,CBMO,N/A,"11:48:30 ET"
$SPX,7228.12,Put,6825,2026-05-15T16:30:00-05:00,11,"6.40 x 157","6.80 x 481",6.71,533,mid,357600,533,6146,21.46%,-0.0563069778,CBMO,N/A,"09:46:15 ET"
$SPXW,7219.98,Put,7000,2026-05-05T16:30:00-05:00,1,"0.70 x 172","0.80 x 47",0.74,4800,mid,355200,5203,12078,28.59%,-0.018702974,MFSL,N/A,"09:38:46 ET"
$SPXW,7206.59,Put,7205,2026-05-04T16:30:00-05:00,0,"6.40 x 32","6.50 x 9",7.05,500,ask,352500,39554,750,4.48%,-0.4488490466,MFSL,N/A,"13:49:03 ET"
$SPX,7205.05,Call,7400,2026-05-15T16:30:00-05:00,11,"6.70 x 260","7.10 x 206",7,500,mid,350000,1309,10916,11.55%,0.10261497734316,CBMO,N/A,"11:47:53 ET"
$SPXW,7202.21,Put,6500,2026-05-22T16:30:00-05:00,18,"6.90 x 117","7.10 x 125",6.98,500,mid,349000,1649,2777,27.12%,-0.0391219544,CBMO,N/A,"15:13:08 ET"
$SPX,7203,Put,6750,2026-05-15T16:30:00-05:00,11,"7.20 x 103","7.70 x 162",7.6,440,mid,334400,1026,23640,24.20%,-0.0558006068,AUTO,N/A,"11:37:11 ET"
$SPXW,7238.56,Put,7000,2026-05-06T16:30:00-05:00,2,"1.20 x 278","1.30 x 88",1.38,2400,ask,331100,6426,1988,23.43%,-0.0254880267,MFSL,N/A,"10:13:13 ET"
$SPXW,7204.73,Call,7575,2026-05-29T16:30:00-05:00,25,"4.60 x 138","5.00 x 40",5.5,600,ask,330000,858,1233,11.18%,0.053355979025407,CBMO,N/A,"11:31:14 ET"
$SPXW,7206.59,Call,7205,2026-05-04T16:30:00-05:00,0,"6.90 x 10","7.00 x 29",6.55,500,bid,327500,33387,313,4.21%,0.55841298001218,MFSL,N/A,"13:49:03 ET"
$SPXW,7191.83,Call,7375,2026-05-11T16:30:00-05:00,7,"3.10 x 190","3.40 x 108",3.23,1000,mid,323000,1287,544,11.55%,0.06420441792087,MFSL,ToOpen,"12:25:53 ET"
$SPXW,7191.83,Put,7000,2026-05-06T16:30:00-05:00,2,"3.40 x 52","3.50 x 15",3.55,900,ask,319500,11692,1988,24.84%,-0.0681886966,CBMO,N/A,"12:24:39 ET"
$SPX,7199.46,Put,5000,2026-07-17T16:30:00-05:00,74,"8.70 x 1292","9.00 x 799",8.95,350,mid,313200,1559,29485,40.94%,-0.0175361807,CBMO,N/A,"15:19:52 ET"
$SPX,7203,Call,8000,2026-07-17T16:30:00-05:00,74,"5.60 x 240","6.20 x 1075",6,500,mid,300000,500,13968,12.09%,0.038818517215871,MFSL,N/A,"11:35:21 ET"
$SPX,7205.05,Put,6700,2026-05-15T16:30:00-05:00,11,"5.60 x 571","6.00 x 121",6,500,ask,300000,1115,20611,25.40%,-0.0451813258,CBMO,N/A,"11:47:53 ET"
$SPX,7205.05,Put,6700,2026-05-15T16:30:00-05:00,11,"5.60 x 764","6.10 x 878",6,500,mid,300000,1115,20611,25.40%,-0.0451813258,CBMO,N/A,"11:48:30 ET"
$SPX,7228.12,Call,7425,2026-05-15T16:30:00-05:00,11,"5.70 x 696","6.10 x 247",5.9,500,mid,295000,516,3240,11.23%,0.094678385644295,MFSL,N/A,"09:43:09 ET"
$SPXW,7191.83,Call,7380,2026-05-11T16:30:00-05:00,7,"2.80 x 98","3.00 x 27",2.93,1000,mid,293000,1121,122,11.51%,0.058340523561234,MFSL,ToOpen,"12:25:53 ET"
$SPXW,7238.56,Put,6150,2026-05-29T16:30:00-05:00,25,"4.30 x 263","4.50 x 184",4.3,670,bid,288100,1171,4497,31.17%,-0.0193663018,MFSL,N/A,"10:07:36 ET"
$SPXW,7200.75,Call,8400,2026-07-31T16:30:00-05:00,88,"1.75 x 67","1.90 x 98",1.8,1600,mid,288000,1600,32822,12.86%,0.011698802645353,MFSL,N/A,"16:07:15 ET"
$SPX,7200.11,Put,6750,2026-05-15T16:30:00-05:00,11,"6.80 x 199","7.20 x 232",7.2,400,ask,288000,526,23640,24.02%,-0.0555361436,AUTO,N/A,"11:34:23 ET"
$SPXW,7238.56,Put,7025,2026-05-05T16:30:00-05:00,1,"0.60 x 263","0.70 x 190",0.65,4415,mid,286900,8618,739,27.20%,-0.0171415992,MLET,N/A,"10:29:42 ET"
$SPXW,7238.56,Put,6990,2026-05-05T16:30:00-05:00,1,"0.40 x 224","0.50 x 330",0.47,6000,mid,282000,7068,6235,29.49%,-0.011390772,MFSL,N/A,"10:13:12 ET"
$SPXW,7208.46,Call,7600,2026-05-29T16:30:00-05:00,25,"4.20 x 32","4.50 x 25",4.7,600,ask,282000,628,1334,11.46%,0.047879937782243,CBMO,N/A,"11:23:02 ET"
$SPXW,7188.32,Put,6450,2026-05-15T16:30:00-05:00,11,"3.40 x 129","3.60 x 207",3.47,740,mid,256700,1289,5325,32.17%,-0.023467249,MFSL,N/A,"12:47:27 ET"
$SPXW,7200.75,Put,7015,2026-05-07T16:30:00-05:00,3,"4.60 x 65","4.80 x 70",4.3,575,bid,247200,784,259,20.15%,-0.0728454475,CBMO,SellToOpen,"15:51:36 ET"
$SPXW,7200.75,Put,7010,2026-05-07T16:30:00-05:00,3,"4.30 x 66","4.50 x 33",4,575,bid,230000,754,299,20.22%,-0.0682997349,CBMO,SellToOpen,"15:51:36 ET"
$SPXW,7199.44,Call,7250,2026-05-05T16:30:00-05:00,1,"3.70 x 10","3.80 x 81",3.5,650,bid,227500,12988,729,12.02%,0.13708794792109,CBMO,N/A,"15:38:49 ET"
$SPX,7244.2,Call,7500,2026-05-15T16:30:00-05:00,11,"2.10 x 255","2.30 x 539",2.2,1000,mid,220000,1002,13880,10.98%,0.039756803523766,MFSL,N/A,"10:40:00 ET"
$SPXW,7206.59,Put,7000,2026-05-06T16:30:00-05:00,2,"2.55 x 111","2.65 x 66",2.65,830,ask,219900,12855,1988,23.87%,-0.0479165121,MLET,N/A,"13:50:08 ET"
$SPXW,7200.75,Put,7005,2026-05-07T16:30:00-05:00,3,"4.10 x 37","4.30 x 75",3.82,575,bid,219600,707,251,20.39%,-0.0649128955,CBMO,SellToOpen,"15:51:36 ET"
$SPX,7218.86,Put,5500,2026-06-18T16:30:00-05:00,45,"5.50 x 204","5.60 x 584",5.5,396,bid,217800,513,25829,37.61%,-0.015504186,AUTO,N/A,"11:17:54 ET"
$SPXW,7243.01,Put,7035,2026-05-05T16:30:00-05:00,1,"0.70 x 170","0.80 x 255",0.71,2999,mid,212900,3335,350,26.63%,-0.0177031574,MLET,ToOpen,"10:36:17 ET"
$SPX,7236.69,Put,6800,2026-05-15T16:30:00-05:00,11,"5.30 x 476","5.60 x 937",5.3,400,bid,212000,899,37510,21.98%,-0.0467974063,CBMO,N/A,"10:50:25 ET"
$SPXW,7204.73,Put,7160,2026-05-04T16:30:00-05:00,0,"3.50 x 191","3.70 x 166",3.47,600,bid,208200,25014,2081,12.10%,-0.1568277774,MFSL,N/A,"11:29:20 ET"
$SPXW,7238.56,Put,7190,2026-05-04T16:30:00-05:00,0,"2.70 x 10","2.75 x 116",2.69,750,bid,201700,13854,2388,9.82%,-0.0902826256,MFSL,N/A,"10:04:59 ET"
$SPXW,7195.71,Put,7185,2026-05-04T16:30:00-05:00,0,"2.55 x 150","2.65 x 91",2.58,766,mid,197600,62598,1184,6.06%,-0.3081208419,MLET,N/A,"14:26:38 ET"
$SPX,7236.69,Put,6000,2026-05-15T16:30:00-05:00,11,"0.60 x 922","0.80 x 580",0.65,3000,mid,195000,3007,112457,41.41%,-0.0039501076,MFSL,N/A,"10:47:52 ET"
$SPXW,7229.97,Put,7025,2026-05-05T16:30:00-05:00,1,"0.75 x 144","0.85 x 282",0.77,2500,mid,192500,3565,739,27.31%,-0.0214299336,MFSL,ToOpen,"09:48:55 ET"
$SPXW,7238.56,Put,7000,2026-05-05T16:30:00-05:00,1,"0.45 x 163","0.50 x 19",0.52,3600,ask,187200,15660,12078,28.93%,-0.0130004485,MFSL,N/A,"10:13:12 ET"
$SPX,7218.86,Put,5000,2026-06-18T16:30:00-05:00,45,"2.95 x 351","3.10 x 376",3.1,500,ask,155000,1037,70876,45.22%,-0.0077900933,MLET,N/A,"11:13:14 ET"
$SPXW,7238.56,Put,7010,2026-05-05T16:30:00-05:00,1,"0.60 x 239","0.70 x 154",0.67,2300,mid,154100,2473,189,28.17%,-0.01427182,MFSL,ToOpen,"10:10:23 ET"
$SPXW,7238.56,Put,7180,2026-05-04T16:30:00-05:00,0,"1.95 x 30","2.00 x 149",1.96,750,mid,147000,13823,1897,10.67%,-0.0688170056,MFSL,N/A,"10:04:59 ET"
$SPXW,7206.59,Put,5400,2026-06-02T16:30:00-05:00,29,"2.00 x 177","2.20 x 252",2.1,691,mid,145100,691,5,43.17%,-0.0070522245,SLFT,ToOpen,"13:48:28 ET"
$SPXW,7238.56,Put,7000,2026-05-05T16:30:00-05:00,1,"0.55 x 213","0.65 x 328",0.56,2500,mid,140000,15660,12078,28.93%,-0.0130004485,MFSL,N/A,"10:05:05 ET"
$SPXW,7200.75,Put,7000,2026-05-06T16:30:00-05:00,2,"1.85 x 113","1.95 x 73",1.72,800,bid,137600,16072,1988,21.11%,-0.0336703507,CBMO,N/A,"15:45:54 ET"
$SPXW,7238.56,Put,6925,2026-05-05T16:30:00-05:00,1,"0.25 x 302","0.35 x 563",0.3,4415,mid,132400,7793,739,34.60%,-0.0069647128,MLET,ToOpen,"10:29:42 ET"
$SPXW,7238.56,Call,7255,2026-05-04T16:30:00-05:00,0,"1.70 x 178","1.75 x 96",1.75,750,ask,131200,30373,928,5.96%,0.24214434953658,MFSL,N/A,"10:04:59 ET"
$SPX,7236.69,Put,6710,2026-05-15T16:30:00-05:00,11,"3.70 x 101","4.00 x 340",3.8,341,mid,129500,430,391,24.04%,-0.0317483545,AUTO,N/A,"10:57:38 ET"
$SPXW,7238.56,Put,7000,2026-05-05T16:30:00-05:00,1,"0.45 x 163","0.50 x 19",0.52,2400,ask,124800,15660,12078,28.93%,-0.0130004485,MFSL,N/A,"10:13:13 ET"
$SPXW,7208.46,Put,6900,2026-05-05T16:30:00-05:00,1,"0.45 x 25","0.50 x 7",0.54,2191,ask,118300,15348,909,36.47%,-0.0105826254,MFSL,N/A,"11:23:07 ET"
$SPXW,7200.75,Put,6985,2026-05-06T16:30:00-05:00,2,"1.30 x 128","1.45 x 30",1.3,900,bid,117000,1055,513,21.42%,-0.0263153982,CBMO,SellToOpen,"16:03:44 ET"
$SPXW,7195.71,Put,7175,2026-05-04T16:30:00-05:00,0,"1.45 x 122","1.50 x 21",1.48,766,mid,113300,57063,4782,6.57%,-0.1917553155,MLET,N/A,"14:26:38 ET"
$SPXW,7203.31,Call,7250,2026-05-04T16:30:00-05:00,0,"1.60 x 48","1.70 x 34",1.42,750,bid,106500,59422,2024,8.37%,0.071952068700721,CBMO,N/A,"11:21:17 ET"
$SPX,7204.93,Put,4000,2026-06-18T16:30:00-05:00,45,"1.00 x 1370","1.25 x 2130",1.05,1000,mid,105000,1000,25691,61.46%,-0.0021598855,SLFT,N/A,"13:35:39 ET"
$SPXW,7199.44,Put,6800,2026-05-08T16:30:00-05:00,4,"1.20 x 112","1.30 x 222",1.25,798,mid,99700,2630,4666,26.32%,-0.0179165817,MLET,N/A,"15:43:27 ET"
$SPXW,7206.92,Put,5900,2026-05-14T16:30:00-05:00,10,"0.70 x 191","0.85 x 204",0.83,1200,mid,99600,2055,406,46.44%,-0.0039862299,CBMO,N/A,"13:07:04 ET"
$SPXW,7243.77,Put,6100,2026-05-15T16:30:00-05:00,11,"0.90 x 179","1.00 x 368",0.92,1000,mid,92000,1002,1193,39.82%,-0.0056233494,MFSL,N/A,"10:54:01 ET"
$SPXW,7243.01,Put,6935,2026-05-05T16:30:00-05:00,1,"0.25 x 305","0.35 x 383",0.31,2863,mid,88700,3052,167,34.16%,-0.0072559811,MLET,ToOpen,"10:36:17 ET"
$SPXW,7238.56,Put,6800,2026-05-07T16:30:00-05:00,3,"0.55 x 248","0.65 x 51",0.57,1500,mid,85400,1546,2454,29.19%,-0.0085366753,MFSL,N/A,"10:03:39 ET"
$SPX,7197.41,Put,2500,2026-08-21T16:30:00-05:00,109,"1.55 x 1134","1.85 x 890",1.65,500,mid,82500,500,8927,71.95%,-0.0017981822,AUTO,N/A,"14:50:45 ET"
$SPX,7204.04,Put,6300,2026-05-15T16:30:00-05:00,11,"1.55 x 318","1.75 x 625",1.64,500,mid,82000,528,18515,34.39%,-0.0109272201,CBMO,N/A,"13:33:12 ET"
$SPXW,7219.98,Call,7350,2026-05-05T16:30:00-05:00,1,"0.15 x 362","0.25 x 156",0.17,4800,mid,81600,8127,2234,14.38%,0.0093116414745454,MFSL,N/A,"09:38:46 ET"
$SPXW,7229.97,Call,7340,2026-05-05T16:30:00-05:00,1,"0.30 x 25","0.35 x 46",0.3,2700,bid,81000,6351,1514,13.73%,0.018553927414985,MFSL,N/A,"09:44:36 ET"
$SPXW,7229.97,Call,7340,2026-05-05T16:30:00-05:00,1,"0.30 x 56","0.35 x 88",0.32,2500,mid,80000,6351,1514,13.73%,0.018553927414985,MFSL,N/A,"09:48:55 ET"
$SPXW,7219.98,Put,6900,2026-05-05T16:30:00-05:00,1,"0.25 x 242","0.35 x 203",0.28,2800,mid,78400,5115,909,35.05%,-0.0064795974,MFSL,N/A,"09:38:51 ET"
$SPXW,7238.56,Put,6750,2026-05-07T16:30:00-05:00,3,"0.45 x 187","0.50 x 36",0.52,1500,ask,78000,1506,1689,31.01%,-0.0060480398,MFSL,N/A,"10:03:39 ET"
$SPX,7199.46,Put,6000,2026-05-15T16:30:00-05:00,11,"0.75 x 1095","0.95 x 1363",0.8,900,mid,72000,5163,112457,41.34%,-0.0048076147,CBMO,N/A,"15:19:51 ET"
$SPXW,7238.56,Call,7350,2026-05-05T16:30:00-05:00,1,"0.20 x 461","0.30 x 355",0.23,3000,mid,69000,24084,2234,13.13%,0.013757604788857,MFSL,N/A,"10:24:23 ET"
$SPXW,7229.26,Call,7350,2026-05-05T16:30:00-05:00,1,"0.20 x 231","0.25 x 1",0.22,3062,mid,67300,16149,2234,14.17%,0.013348417581857,MLET,N/A,"09:51:33 ET"
$SPXW,7230.12,Call,7275,2026-05-04T16:30:00-05:00,0,"1.20 x 577","1.25 x 45",1.2,557,bid,66800,4910,2922,8.36%,0.080775374143073,AUTO,N/A,"08:50:00 ET"
$SPXW,7238.56,Call,7265,2026-05-04T16:30:00-05:00,0,"0.85 x 10","0.90 x 277",0.88,750,mid,66000,13390,1180,6.14%,0.1334114700036,MFSL,N/A,"10:04:59 ET"
$SPXW,7238.56,Put,6900,2026-05-05T16:30:00-05:00,1,"0.20 x 349","0.30 x 389",0.26,2500,mid,65000,9601,909,36.32%,-0.00564285,MFSL,N/A,"10:05:05 ET"
$SPXW,7208.46,Put,6900,2026-05-05T16:30:00-05:00,1,"0.45 x 25","0.50 x 7",0.54,1200,ask,64800,15348,909,36.47%,-0.0105826254,MFSL,N/A,"11:23:07 ET"
$SPXW,7229.97,Put,7025,2026-05-05T16:30:00-05:00,1,"0.75 x 232","0.85 x 288",0.86,750,ask,64500,3565,739,27.31%,-0.0214299336,CBMO,N/A,"09:47:57 ET"
$SPXW,7238.56,Put,6910,2026-05-05T16:30:00-05:00,1,"0.25 x 31","0.30 x 103",0.27,2300,mid,62100,2367,405,35.50%,-0.005971908,MFSL,ToOpen,"10:10:23 ET"
$SPXW,7229.97,Put,6925,2026-05-05T16:30:00-05:00,1,"0.25 x 355","0.35 x 293",0.31,2000,mid,62000,2790,739,33.92%,-0.0073152231,MFSL,ToOpen,"09:48:55 ET"
$SPXW,7219.98,Put,7115,2026-05-04T16:30:00-05:00,0,"0.80 x 221","0.90 x 360",0.85,687,mid,58300,2583,1514,15.96%,-0.0374667443,MFSL,N/A,"09:38:21 ET"
$SPXW,7229.26,Put,7000,2026-05-05T16:30:00-05:00,1,"0.55 x 281","0.65 x 245",0.57,1000,mid,57000,6552,12078,28.70%,-0.0154383196,MFSL,N/A,"09:52:35 ET"
$SPXW,7219.98,Put,6900,2026-05-05T16:30:00-05:00,1,"0.25 x 241","0.35 x 173",0.28,2000,mid,56000,5115,909,35.05%,-0.0064795974,MFSL,N/A,"09:38:46 ET"
$SPXW,7200.75,Put,7040,2026-05-05T16:30:00-05:00,1,"0.50 x 192","0.65 x 136",0.56,1000,mid,56000,3394,527,20.99%,-0.0192835417,MFSL,N/A,"16:14:35 ET"
$SPXW,7229.97,Put,6990,2026-05-05T16:30:00-05:00,1,"0.50 x 246","0.60 x 198",0.55,1000,mid,55000,1055,6235,29.50%,-0.0139296645,MFSL,N/A,"09:44:27 ET"
$SPXW,7219.98,Call,7350,2026-05-05T16:30:00-05:00,1,"0.15 x 346","0.25 x 202",0.18,2980,mid,53600,8127,2234,14.38%,0.0093116414745454,MFSL,N/A,"09:35:56 ET"
$SPXW,7242.85,Call,7350,2026-05-05T16:30:00-05:00,1,"0.20 x 259","0.30 x 301",0.23,2241,mid,51500,27158,2234,13.10%,0.016833950726217,MFSL,N/A,"10:39:38 ET"
$SPXW,7219.98,Put,7105,2026-05-04T16:30:00-05:00,0,"0.65 x 374","0.75 x 355",0.75,687,ask,51500,1965,853,16.66%,-0.030773262,MFSL,N/A,"09:38:21 ET"
$SPXW,7243.77,Put,5900,2026-05-15T16:30:00-05:00,11,"0.60 x 242","0.70 x 365",0.67,700,mid,46900,1008,10792,45.07%,-0.0037482298,MFSL,N/A,"10:54:01 ET"
$SPXW,7238.56,Call,7350,2026-05-05T16:30:00-05:00,1,"0.15 x 277","0.25 x 331",0.19,2300,mid,43700,24084,2234,13.13%,0.013757604788857,MFSL,N/A,"10:10:23 ET"
$SPXW,7229.26,Call,7350,2026-05-05T16:30:00-05:00,1,"0.20 x 104","0.25 x 1",0.22,1953,mid,42900,16149,2234,14.17%,0.013348417581857,MLET,N/A,"09:51:37 ET"
$SPXW,7201.39,Put,7005,2026-05-05T16:30:00-05:00,1,"0.45 x 41","0.50 x 22",0.54,762,ask,41100,937,239,23.79%,-0.012752719,MFSL,BuyToOpen,"15:01:03 ET"
$SPX,7231.32,Put,6000,2026-05-15T16:30:00-05:00,11,"0.65 x 363","0.80 x 1220",0.8,500,ask,40000,3507,112457,42.21%,-0.0046955661,MLET,N/A,"11:08:17 ET"
$SPXW,7229.97,Call,7360,2026-05-05T16:30:00-05:00,1,"0.15 x 92","0.20 x 120",0.15,2500,bid,37500,2919,971,14.37%,0.0093108527669213,MFSL,SellToOpen,"09:47:42 ET"
$SPXW,7206.59,Put,6800,2026-05-06T16:30:00-05:00,2,"0.40 x 343","0.50 x 113",0.45,803,mid,36100,1123,1443,32.68%,-0.0077565728,MLET,N/A,"13:50:08 ET"
$SPX,7203.3,Put,5885,2026-05-15T16:30:00-05:00,11,"0.60 x 338","0.80 x 281",0.7,500,mid,35000,2000,453,44.70%,-0.0039523491,SLFT,N/A,"15:14:19 ET"
$SPX,7203.3,Put,5885,2026-05-15T16:30:00-05:00,11,"0.60 x 693","0.80 x 472",0.7,500,mid,35000,2000,453,44.70%,-0.0039523491,SLFT,N/A,"15:15:01 ET"
$SPX,7236.69,Put,5800,2026-05-15T16:30:00-05:00,11,"0.40 x 470","0.55 x 525",0.55,600,ask,33000,630,11959,47.29%,-0.0029917791,SLFT,N/A,"10:43:33 ET"
$SPX,7199.46,Put,6000,2026-05-15T16:30:00-05:00,11,"0.75 x 1095","0.95 x 1363",0.8,350,mid,28000,5163,112457,41.34%,-0.0048076147,CBMO,N/A,"15:19:52 ET"
$SPXW,7208.46,Call,7350,2026-05-05T16:30:00-05:00,1,"0.10 x 1","0.15 x 98",0.11,2515,mid,27600,31310,2234,14.22%,0.0047438209332832,MFSL,N/A,"11:23:07 ET"
$SPXW,7229.26,Put,6900,2026-05-05T16:30:00-05:00,1,"0.20 x 379","0.30 x 306",0.26,1000,mid,26000,6516,909,35.61%,-0.0059611621,MFSL,N/A,"09:52:35 ET"
$SPX,7199.46,Put,5000,2026-05-15T16:30:00-05:00,11,"0.10 x 409","0.20 x 332",0.17,1500,mid,25500,1647,16455,67.33%,-0.0007231074,CBMO,N/A,"15:19:51 ET"
$SPXW,7229.97,Call,7400,2026-05-05T16:30:00-05:00,1,"0.05 x 338","0.10 x 33",0.1,2500,ask,25000,3249,1340,16.46%,0.0036623207260492,MFSL,BuyToOpen,"09:44:36 ET"
$SPXW,7238.56,Call,7350,2026-05-05T16:30:00-05:00,1,"0.20 x 315","0.30 x 395",0.23,1000,mid,23000,24084,2234,13.13%,0.013757604788857,MFSL,N/A,"10:19:11 ET"
$SPXW,7238.56,Call,7350,2026-05-05T16:30:00-05:00,1,"0.20 x 239","0.30 x 406",0.23,1000,mid,23000,24084,2234,13.13%,0.013757604788857,MFSL,N/A,"10:16:30 ET"
$SPXW,7219.98,Call,7410,2026-05-05T16:30:00-05:00,1,"0.05 x 176","0.10 x 240",0.08,2800,mid,22400,8335,231,18.44%,0.0037347069768097,MFSL,N/A,"09:38:51 ET"
$SPX,7203,Put,5600,2026-05-15T16:30:00-05:00,11,"0.35 x 121","0.60 x 248",0.55,400,mid,22000,889,9461,53.18%,-0.002689703,AUTO,N/A,"11:38:06 ET"
$SPXW,7229.26,Call,7350,2026-05-05T16:30:00-05:00,1,"0.20 x 247","0.25 x 2",0.22,1000,mid,22000,16149,2234,14.17%,0.013348417581857,MFSL,N/A,"09:52:35 ET"
$SPX,7203,Put,5600,2026-05-15T16:30:00-05:00,11,"0.55 x 205","0.60 x 234",0.55,390,bid,21400,889,9461,53.18%,-0.002689703,AUTO,N/A,"11:41:40 ET"
$SPXW,7229.26,Call,7410,2026-05-05T16:30:00-05:00,1,"0.05 x 206","0.10 x 103",0.07,3062,mid,21400,18131,231,17.38%,0.0034842375393451,MLET,N/A,"09:51:33 ET"
$SPXW,7238.56,Call,7410,2026-05-05T16:30:00-05:00,1,"0.05 x 42","0.10 x 212",0.09,2300,mid,20700,25998,231,16.56%,0.0036376875292828,MFSL,N/A,"10:10:23 ET"
$SPXW,7229.97,Put,6890,2026-05-05T16:30:00-05:00,1,"0.20 x 307","0.30 x 415",0.25,800,mid,20000,1053,215,36.50%,-0.0056231294,MFSL,ToOpen,"09:44:27 ET"
$SPXW,7230.12,Put,4800,2026-05-19T16:30:00-05:00,15,"0.05 x 221","0.30 x 259",0.2,900,mid,18000,900,259,65.16%,-0.000744967,AUTO,ToOpen,"08:14:56 ET"
$SPXW,7229.97,Call,7350,2026-05-05T16:30:00-05:00,1,"0.20 x 169","0.25 x 9",0.22,800,mid,17600,9826,2234,13.77%,0.011706566390284,MFSL,N/A,"09:44:27 ET"
$SPX,7218.86,Put,3200,2026-06-18T16:30:00-05:00,45,"0.30 x 349","0.50 x 1133",0.4,422,mid,16800,1000,7747,76.20%,-0.0007128531,MLET,N/A,"11:13:14 ET"
$SPXW,7200.75,Put,6940,2026-05-05T16:30:00-05:00,1,"0.10 x 405","0.20 x 49",0.16,1000,mid,16000,1909,510,27.41%,-0.0048835255,MFSL,N/A,"16:14:35 ET"
$SPXW,7219.98,Call,7410,2026-05-05T16:30:00-05:00,1,"0.05 x 175","0.10 x 240",0.08,2000,mid,16000,8335,231,18.44%,0.0037347069768097,MFSL,N/A,"09:38:46 ET"
$SPXW,7201.39,Call,7300,2026-05-05T16:30:00-05:00,1,"0.20 x 189","0.30 x 375",0.24,653,mid,15600,6735,1491,11.81%,0.014628430139876,MFSL,N/A,"15:01:03 ET"
$SPXW,7242.85,Call,7410,2026-05-05T16:30:00-05:00,1,"0.05 x 315","0.10 x 2",0.08,1741,mid,13900,29086,231,16.80%,0.0049749591728628,MFSL,N/A,"10:39:39 ET"
$SPXW,7229.26,Call,7410,2026-05-05T16:30:00-05:00,1,"0.05 x 91","0.10 x 103",0.07,1953,mid,13600,18131,231,17.38%,0.0034842375393451,MLET,N/A,"09:51:37 ET"
$SPXW,7229.97,Call,7410,2026-05-05T16:30:00-05:00,1,"0.05 x 67","0.10 x 244",0.08,1500,mid,12000,11875,231,17.56%,0.0039023082042547,MFSL,N/A,"09:48:55 ET"
$SPXW,7208.46,Call,7410,2026-05-05T16:30:00-05:00,1,"0.00 x 0","0.10 x 157",0.09,1200,mid,10800,32913,231,19.70%,0.0039230612859193,MFSL,N/A,"11:23:07 ET"
$SPXW,7238.56,Call,7410,2026-05-05T16:30:00-05:00,1,"0.05 x 367","0.10 x 118",0.08,1300,mid,10400,25998,231,16.56%,0.0036376875292828,MFSL,N/A,"10:24:23 ET"
$SPXW,7195.71,Call,7250,2026-05-04T16:30:00-05:00,0,"0.05 x 1306","0.10 x 158",0.12,800,ask,9600,87301,2024,6.34%,0.01219958645919,CBMO,N/A,"14:26:46 ET"
$SPXW,7219.98,Call,7410,2026-05-05T16:30:00-05:00,1,"0.05 x 149","0.10 x 177",0.08,1192,mid,9500,8335,231,18.44%,0.0037347069768097,MFSL,N/A,"09:35:56 ET"
$SPXW,7229.26,Call,7410,2026-05-05T16:30:00-05:00,1,"0.05 x 196","0.10 x 142",0.08,1000,mid,8000,18131,231,17.38%,0.0034842375393451,MFSL,N/A,"09:52:35 ET"
$SPXW,7238.56,Call,7410,2026-05-05T16:30:00-05:00,1,"0.05 x 368","0.10 x 95",0.08,1000,mid,8000,25998,231,16.56%,0.0036376875292828,MFSL,N/A,"10:24:38 ET"
$SPXW,7229.97,Call,7410,2026-05-05T16:30:00-05:00,1,"0.05 x 165","0.10 x 241",0.07,800,mid,5600,11875,231,17.56%,0.0039023082042547,MFSL,N/A,"09:44:27 ET"
"Downloaded from Barchart.com as of 05-04-2026 09:57pm CDT"
