Symbol,Name,Latest,%Change,"50D MA","20D MA","200D MA","150D MA","RSI Rank","52W %/High","20D RelVol",Volume,"14D RSI","Wtd Alpha"
A,"Agilent Technologies",156.3,+0.57%,136.97,144.73,131.23,126.72,"Above 70",-2.48%,1.69,2830300,78.2,+34.53
AAPL,"Apple Inc",311.3,-1.75%,309.85,315.52,281.3,284.39,"New Below 50",-9.66%,0.77,40959098,48.93,+34.10
ABBV,"Abbvie Inc",261.83,-1.56%,247.19,253.01,226.3,226.36,"Above 50",-2.11%,0.97,5228900,61.58,+28.10
ABNB,"Airbnb Inc Cl A",185,-0.75%,152.43,166.67,135.87,138.82,"Above 70",-2.22%,1.05,5596800,70.36,+58.19
ABT,"Abbott Laboratories",114.14,-0.25%,99.39,108.58,107.12,100.81,"Above 70",-16.98%,0.68,5785100,74.32,-6.50
ACGL,"Arch Capital Grp Ltd",99.31,+0.79%,98.55,100.13,95.58,96.41,"New Above 50",-7.26%,0.96,1672900,50.36,+7.59
ACN,"Accenture Plc",181.35,-0.99%,153.06,171.14,206.06,187.59,"Above 50",-37.70%,0.67,4383300,64.36,-22.75
ADBE,"Adobe Systems Inc",272.22,-0.09%,231.91,257.96,270.74,249.12,"Above 50",-26.60%,0.52,2631300,61.2,-18.93
ADI,"Analog Devices",370.24,-0.81%,389,375.94,341.06,366.66,"Below 50",-16.97%,0.88,3498500,43.43,+41.86
ADM,"Archer Daniels Midland",81.7,+1.16%,80.06,80.48,70.82,74.72,"Above 50",-7.64%,0.83,3388500,53.63,+33.06
ADP,"Automatic Data Processing",279.21,+0.72%,248.49,269.17,235.5,228.08,"Above 50",-9.64%,0.69,1685000,64.49,+3.28
ADSK,"Autodesk Inc",251.02,-0.11%,219.12,242.42,249.7,234.44,"Above 50",-23.72%,0.74,1482600,60.41,-10.52
AEE,"Ameren Corp",108.79,-0.45%,111.02,109.57,107.67,109.74,"Below 50",-8.05%,1.1,1731200,44.94,+5.31
AEP,"American Electric Power",125.7,-0.45%,130.98,127.41,126.81,129.7,"Below 50",-10.58%,0.89,3358700,40.85,+7.00
AES,"The Aes Corp",14.77,+0.48%,14.72,14.75,14.55,14.74,"New Above 50",-16.32%,1.2,7884000,54.53,+8.29
AFL,"Aflac Inc",116.17,-0.29%,121.56,123.78,114.33,115.59,"Below 50",-10.79%,1.03,2091500,31.37,+6.12
AIG,"American International Group",75.75,+0.07%,77.62,78.04,77.43,76.73,"Below 50",-13.22%,0.91,2689600,39.93,-8.02
AIZ,"Assurant Inc",282,+1.33%,275.34,283.27,242.37,246.44,"New Above 50",-7.22%,1.09,442500,52.33,+34.74
AJG,"Arthur J. Gallagher & Company",259.61,+0.84%,243.09,253.37,233.23,226.61,"Above 50",-17.20%,1,1340700,59.7,-5.09
AKAM,"Akamai Technologies",110.09,-2.44%,120.12,116.87,108.22,115.43,"Below 50",-33.46%,0.59,2119000,40.44,+11.99
ALB,"Albemarle Corp",134.19,-0.07%,132.81,124.95,154.77,162.69,"Above 50",-39.28%,0.72,1618900,58.1,+35.76
ALGN,"Align Technology",158.94,-2.51%,174.88,171.93,169.37,174.93,"Below 50",-20.70%,0.88,836700,37.19,+1.24
ALL,"Allstate Corp",254.54,-2.00%,249.15,263.63,218.68,222.65,"New Below 50",-8.18%,1.13,1944100,46.93,+29.27
ALLE,"Allegion Plc",161.72,-0.64%,147.16,162.81,151.49,147.85,"Above 50",-11.68%,0.78,935500,57.11,-0.86
AMAT,"Applied Materials",496.21,+0.01%,560.8,516.04,394.24,440.12,"Below 50",-32.91%,0.82,6604400,43.76,+156.92
AMCR,"Amcor Plc",47.81,+0.76%,44.04,46.42,42.46,42.64,"Above 50",-6.14%,1.2,4900100,61.91,+16.11
AMD,"Adv Micro Devices",469.45,+0.65%,509.82,483.55,328.8,364.55,"Below 50",-19.71%,0.56,15178801,44.87,+136.33
AME,"Ametek Inc",239.08,-1.70%,240.11,248.31,223.68,231.13,"Below 50",-8.45%,1.2,1607900,41.16,+25.82
AMGN,"Amgen Inc",433.73,-1.95%,376.93,404.99,352.12,359.73,"Above 70",-2.14%,1.04,2914300,71.51,+54.02
AMP,"Ameriprise Financial Services",547.09,-2.27%,514.57,553.95,482.12,483.76,"Above 50",-4.45%,0.87,382800,52.43,+13.44
AMT,"American Tower Corp",175.72,+0.70%,172.28,172.28,177.89,177.93,"Above 50",-18.19%,0.68,1904200,55.92,-13.69
AMZN,"Amazon.com Inc",260.11,-2.16%,249.32,260.05,238.3,239.77,"Above 50",-9.43%,0.59,28374100,50.92,+16.01
ANET,"Arista Networks Inc",183.75,-1.45%,176.62,187.25,148.91,155.15,"New Below 50",-14.49%,0.53,4207200,48.51,+43.41
AON,"AON Plc",351.93,+1.00%,349.77,358.86,337.49,333.65,"Below 50",-7.95%,0.62,733300,48.01,-2.19
AOS,"Smith A.O. Corp",62.43,-2.15%,60.89,62.26,65.45,64.91,"Above 50",-23.74%,0.74,1195100,52.37,-13.83
APA,"Apa Corp",44.39,+2.16%,36.03,38.58,32.51,35.12,"Above 70",-2.78%,1.06,6279300,74.83,+109.47
APD,"Air Products and Chemicals",300.33,-0.95%,294.59,300.12,279.65,288.68,"Above 50",-4.62%,1.6,1615400,50.62,+5.06
APH,"Amphenol Corp",153.11,-1.88%,160.77,162.03,144.54,146.86,"Below 50",-14.23%,0.8,5418700,41.14,+32.64
APO,"Apollo Asset Management",129.98,-2.73%,126.79,130.61,127.57,123.79,"New Below 50",-15.21%,1.68,6796800,49.83,-1.35
APP,"Applovin Corp Cl A",308.77,-0.65%,431,358.83,501.81,456.35,"Below 50",-58.59%,0.61,4462500,30.18,-48.98
APTV,"Aptiv Plc",47.03,-3.86%,57.25,51.75,68.31,64.74,"Below 50",-47.12%,0.68,2964900,33.21,-46.32
ARE,"Alexandria Real Estate Equities",52.94,+4.73%,50.58,50.08,50.2,50.03,"Above 50",-40.00%,1.42,2965600,59.09,-22.21
ARES,"Ares Management LP",140.23,-2.01%,127.92,136.84,133.79,124.35,"Above 50",-24.95%,0.87,2169400,56.69,-14.10
ATO,"Atmos Energy Corp",170.52,-0.46%,173.46,172.51,176.03,177.68,"Below 50",-11.42%,1.07,1128000,42.91,-1.01
AVB,"Avalonbay Communities",184.06,+0.08%,188.04,187.6,179.9,180.12,"Below 50",-7.34%,2.61,2484300,44.53,-1.65
AVGO,"Broadcom Ltd",364.03,+0.43%,388.58,396.74,369.17,372.63,"Below 50",-26.46%,1,19729799,36.19,+14.69
AVY,"Avery Dennison Corp",182.68,-0.26%,166.11,174.76,172.87,171.26,"Above 50",-8.45%,0.64,554700,65.95,+6.34
AWK,"American Water Works",137.21,-1.08%,132.55,135.58,131.07,131.33,"Above 50",-7.19%,0.66,1661700,56.57,-1.93
AXON,"Axon Enterprise",614.26,-4.87%,536.85,579.54,507.24,483.97,"Above 50",-22.67%,0.86,839300,56.39,-14.83
AXP,"American Express Company",331.15,-2.57%,341.83,339.15,338.83,329.03,"Below 50",-14.54%,1.39,3884200,40.95,+1.44
AZO,Autozone,2961.99,-3.73%,3057.87,3047.55,3423.35,3360.77,"New Below 50",-32.50%,1.89,346300,41.93,-28.81
BA,"Boeing Company",215.1,-3.20%,221.77,225.83,219.47,223.94,"Below 50",-15.43%,1.33,7860500,40.77,-6.15
BAC,"Bank of America Corp",61.86,-2.07%,60.38,63.04,54.37,54.46,"New Below 50",-5.16%,1.27,34979400,47.36,+28.26
BALL,"Ball Corporation",62.61,-0.02%,61.75,63.49,58.23,60.83,"Above 50",-8.32%,0.86,1634800,50.61,+18.26
BAX,"Baxter International",26.41,-0.86%,23.48,26.36,19.91,20.26,"Above 50",-11.97%,0.44,3527800,57.07,+25.80
BBY,"Best Buy Company",85.73,-3.90%,81.98,85.69,71.07,70.19,"Above 50",-6.06%,0.86,2743100,53.29,+15.56
BDX,"Becton Dickinson and Company",187.62,+0.01%,160.52,174.7,157.39,159.11,"Above 70",-1.26%,1.04,1972600,75.38,+28.39
BEN,"Franklin Resources",33.97,-0.03%,33.38,33.82,27.89,29.39,"Above 50",-6.37%,0.78,3400100,53.48,+42.02
BF.B,"Brown Forman Cl B",28.41,-0.07%,27.1,28.15,27.24,27,"Above 50",-11.00%,0.95,2068000,55.9,-4.13
BG,"Bunge Ltd",116.57,+2.25%,114.04,111.69,113.06,119.36,"Above 50",-13.57%,0.66,904800,57.68,+27.06
BIIB,"Biogen Inc",214.35,-3.25%,204.82,207.86,187.66,192.54,"Above 50",-3.51%,0.84,808600,56.76,+51.29
BK,"Bank of New York Mellon Corp",137.16,+0.62%,127.38,133.95,115.79,119.31,"Above 50",-1.43%,0.89,3073200,64.52,+54.18
BKNG,"Booking Holdings",209.87,-1.47%,187.08,203.3,185.63,178.68,"Above 50",-9.46%,0.64,3852800,61.11,+1.32
BKR,"Baker Hughes Company",62.78,-2.64%,59.39,62.1,57.67,60.95,"Above 50",-10.84%,0.78,6291800,54.67,+36.07
BLDR,"Builders Firstsource",70.32,-3.07%,75.88,71.83,92.34,87.18,"Below 50",-53.44%,0.72,1595100,45.95,-50.52
BLK,"Blackrock Inc",1139.8199,-1.65%,1064.74,1126.91,1054.85,1050.27,"Above 50",-6.57%,1.15,702200,56.8,+4.21
BMY,"Bristol-Myers Squibb",65.47,-3.17%,60.34,64.49,57.03,59,"Above 50",-4.62%,0.75,9489600,58.2,+39.04
BR,"Broadridge Financial Solutions",178.5,+1.40%,152.15,164.85,179.4,164.03,"Above 50",-32.41%,0.79,1071600,68.91,-24.24
BRK.B,"Berkshire Hathaway Cl B",496.86,-0.55%,500.15,509.75,492.02,489.29,"Below 50",-7.60%,0.76,3288700,42.76,+1.66
BRO,"Brown & Brown",72.08,+0.83%,67.23,71.09,69.8,66.49,"Above 50",-26.25%,0.61,1459500,58.47,-18.15
BSX,"Boston Scientific Corp",49.37,-5.08%,46.38,48.92,69.67,60.42,"Above 50",-54.91%,1,20390500,53.04,-53.23
BX,"Blackstone Inc",141.35,-2.58%,128.27,137.82,130.94,124.64,"Above 50",-25.64%,0.64,3139000,57.15,-8.79
BXP,"Bxp Inc",67.78,+0.83%,67.81,69.07,63.68,61.67,"Below 50",-14.56%,0.61,872700,48.39,+1.55
C,"Citigroup Inc",129.67,-2.42%,137.12,134.6,121.38,125.42,"Below 50",-12.36%,0.84,7830400,38.91,+31.44
CAG,"Conagra Brands",16.27,+0.31%,14.43,15.23,15.93,15.49,"Above 50",-19.92%,0.75,8713700,68.6,-11.55
CAH,"Cardinal Health",228.46,-2.72%,231.42,233.53,213.72,216.95,"New Below 50",-11.55%,0.79,1592900,44.77,+45.51
CARR,"Carrier Global Corp",60.15,-1.72%,67.47,63.42,61.25,63.62,"Below 50",-21.64%,0.68,4628900,33.42,-9.76
CAT,"Caterpillar Inc",815.39,-0.09%,906.11,844.41,759.81,818.78,"Below 50",-24.04%,0.94,2937700,39.64,+68.59
CB,"Chubb Ltd",342.87,+0.57%,345.1,349.75,323.46,330.91,"Below 50",-6.30%,1.25,2068300,45.89,+21.75
CBOE,"CBOE Global Markets",294.11,+4.76%,276.42,292.07,282.58,291.81,"New Above 50",-20.76%,1.45,1446800,54.29,+16.48
CBRE,"CBRE Group",151.79,-2.12%,141.38,148.32,147.37,143.48,"Above 50",-12.90%,1.11,1915500,57.27,-3.65
CCI,"Crown Castle",75.39,+0.99%,78.73,75.34,85.6,84.44,"Below 50",-27.93%,0.66,2527400,47.05,-27.49
CCL,"Carnival Corporation Ltd",25.37,-4.95%,27.84,27.88,27.9,27.82,"Below 50",-25.45%,1.48,26822500,34.87,-19.92
CDNS,"Cadence Design Sys",313.59,-0.44%,355.17,330.32,327.16,329.87,"Below 50",-24.74%,0.72,1698000,31.39,-10.89
CDW,"CDW Corp",133.54,-2.67%,136.2,140.39,131.69,128.49,"Below 50",-22.16%,1.27,2403300,44.98,-11.90
CEG,"Constellation Energy",272.92,-0.46%,262.5,270.31,300.36,282.51,"Above 50",-33.87%,0.78,2175600,53.01,-15.01
CF,"Cf Industries Holdings",125.7,+5.61%,115.62,120.36,105.47,113.99,"Above 50",-11.45%,1.43,3315900,59.68,+48.13
CFG,"Citizens Financial Group",69.71,-1.48%,70.98,72.62,62.99,65.3,"Below 50",-7.46%,0.66,2117900,39.39,+35.61
CHD,"Church & Dwight Company",97.41,-1.62%,98.55,100.47,94.09,97.2,"Below 50",-8.14%,1.01,1950600,42.18,+4.25
CHRW,"C.H. Robinson Ww",143.83,-0.48%,176.69,153.29,172.97,177.62,"Below 50",-31.62%,0.48,1140500,31.48,-1.97
CHTR,"Charter Communications",147.76,-3.09%,139.52,147.6,185.55,178.45,"Above 50",-48.30%,1.1,3606100,51.6,-42.84
CI,"The Cigna Group",274.41,-1.10%,285.05,281.26,278.71,280.9,"Below 50",-13.02%,0.6,1088600,44.04,-8.23
CIEN,"Ciena Corp",392.48,-1.75%,422.33,397.33,367.66,418.82,"Below 50",-38.44%,0.66,1453100,45.49,+210.04
CINF,"Cincinnati Financial",168.19,-0.18%,177.42,175.95,166.81,167.73,"Below 50",-13.66%,0.67,426500,35.07,+6.38
CL,"Colgate-Palmolive Company",89.7,-1.29%,91.75,91.94,87.02,89.73,"Below 50",-9.69%,1.12,5082600,42.37,+5.50
CLX,"Clorox Company",106.04,-1.72%,98.84,103.2,103.48,103.5,"Above 50",-17.73%,0.75,2018000,58.83,-7.88
CMCSA,"Comcast Corp A",26.42,-0.64%,24.07,24.99,27.23,26.97,"Above 50",-23.31%,0.68,18865500,63.24,-18.60
CME,"CME Group",270.87,+1.47%,251.92,264.6,278.48,280.14,"Above 50",-17.71%,0.8,1567400,61.62,-1.20
CMG,"Chipotle Mexican Grill",35.29,+1.82%,33.58,34.04,34.49,34.38,"Above 50",-19.28%,0.86,16636700,56.83,-11.38
CMI,"Cummins Inc",593.24,-2.49%,660.45,634.83,594.29,625.11,"Below 50",-19.59%,0.94,921300,33.83,+34.50
CMS,"Cms Energy Corp",69.83,-1.10%,73.65,71.62,73.82,74.51,"Below 50",-13.10%,1.02,4017800,36.29,-6.92
CNC,"Centene Corp",64.14,-0.87%,64.97,64.58,48.71,51.77,"Below 50",-7.52%,0.66,3267600,47.82,+103.72
CNP,"Centerpoint Energy",40.2,+0.10%,42.72,41.46,41.46,42.38,"Below 50",-11.18%,0.94,5813700,34.1,+1.86
COF,"Capital One Financial",212.48,-3.74%,207.08,216.85,207.62,200.05,"New Below 50",-18.16%,1.21,4119700,47.39,-1.27
COIN,"Coinbase Global Cl A",172.35,+7.58%,157.86,154.39,199.25,177.75,"Above 50",-57.14%,2.05,17570699,60.74,-44.61
COO,"Cooper Companies",76.16,-0.74%,71.67,74.42,73.32,71.75,"Above 50",-15.22%,0.6,1085300,60.55,+4.61
COP,Conocophillips,134.89,+3.30%,115.4,122.22,110.28,116.37,"New Above 70",-0.72%,1.36,9358300,74.01,+46.50
COR,"Cencora Inc",314.69,-0.76%,301.7,315.87,323.65,314.99,"Above 50",-16.65%,0.79,1175700,52.59,+4.33
COST,"Costco Wholesale",933.51,-2.45%,948.93,952.46,959.19,980.11,"New Below 50",-14.86%,1.37,2503600,42.5,-3.59
CPAY,"Corpay Inc",412,+1.21%,370.46,398.04,329.51,339.5,"Above 50",-3.27%,0.71,410700,63.28,+36.54
CPB,"The Campbell's Company",23.77,-0.17%,22.41,22.76,24.51,22.97,"Above 50",-30.45%,1.81,10128100,60.19,-23.37
CPRT,"Copart Inc",34.33,+1.42%,29.48,30.23,34.91,33.3,"Above 70",-31.49%,0.88,10797301,74.63,-23.94
CPT,"Camden Property Trust",107.92,-0.44%,112.43,110.84,107.06,107.56,"Below 50",-9.92%,1.13,1055600,41.03,-0.65
CRH,"CRH Plc ADR",93.09,-1.74%,102.98,98.21,112.52,109.74,"Below 50",-29.24%,1.22,5719600,36.32,-23.46
CRL,"Charles River Laboratories",291.45,+0.50%,231.96,260.2,193.44,195.07,"Above 70",-2.63%,1.1,1059300,74.98,+102.00
CRM,"Salesforce Inc",205.43,-0.32%,173.83,190.29,201.08,184.78,"Above 50",-23.66%,0.89,11482200,64.13,-11.57
CRWD,"Crowdstrike Holdings",190.34,-5.60%,192.54,203.81,138.52,142.91,"Below 50",-16.33%,1.18,8902300,41.51,+89.40
CSCO,"Cisco Systems Inc",109.59,-0.87%,116.39,116.22,92.74,98.24,"Below 50",-15.94%,0.55,12637800,39.35,+56.81
CSGP,"Costar Group Inc",32.26,-4.36%,30.11,30.62,45.73,38.78,"Above 50",-64.89%,0.9,6621500,55.9,-61.75
CSX,"CSX Corp",50.97,+0.57%,49.29,50.65,42.32,44.52,"Above 50",-4.91%,0.68,7754400,57.39,+50.89
CTAS,"Cintas Corp",203.52,+0.22%,190.81,204.48,185.87,185.52,"Above 50",-7.14%,0.96,2028400,56.83,+1.54
CTRA,"Coterra Energy Inc",32.56,-8.62%,33.14,33.44,27.42,28.58,"New Below 50",-11.71%,7.18,73319500,43.49,+40.85
CTSH,"Cognizant Tech Sol",60.92,-0.02%,48.81,55.95,63.32,57.87,"Above 70",-30.00%,0.5,4752300,70.72,-14.70
CTVA,"Corteva Inc",79.46,+1.13%,81.71,80.18,76.24,79.57,"Below 50",-12.65%,1.01,4927700,48,+9.32
CVNA,"Carvana Company Cl A",71.52,+1.53%,67.28,68.43,72.47,70.31,"Above 50",-26.55%,1.02,11202200,54.01,-0.37
CVS,"CVS Corp",93.65,0.00%,102.11,99.64,85.67,87.98,"Below 50",-15.39%,0.79,6439600,35.29,+28.62
CVX,"Chevron Corp",205.77,0.00%,185.36,195.25,178.33,186.73,"Above 50",-4.16%,1.02,8200500,69.81,+33.47
D,"Dominion Energy Inc",67.47,-1.20%,69.14,68.78,63.79,65.15,"Below 50",-7.56%,0.91,3071700,40.52,+10.47
DAL,"Delta Air Lines Inc",81.06,-2.68%,87.5,88.6,72.97,75.44,"Below 50",-15.28%,1.25,6169400,35.16,+31.28
DASH,"Doordash Cl A",222.36,+0.97%,190.09,205.95,187.62,177.65,"Above 50",-22.12%,1.3,5871300,69.23,+1.60
DD,"Dupont Denemours Inc",138.46,-0.87%,139.71,141.56,135.7,140.51,"Below 50",-12.36%,0.57,983500,45.06,+33.76
DDOG,"Datadog Cl A",232.55,-0.42%,249.26,253.7,173.9,180.7,"Below 50",-20.56%,0.59,3174600,42.37,+52.26
DE,"Deere & Company",620.94,+6.94%,603.51,611.23,558.06,585.16,"New Above 50",-7.90%,2.81,3200600,55.32,+27.44
DECK,"Deckers Outdoor Corp",88.86,-2.96%,101.84,96.04,102.23,104.8,"Below 50",-29.17%,1.04,2515300,34.13,-21.67
DELL,"Dell Technologies",434.78,-0.63%,426.57,443.81,235.66,270.4,"Below 50",-15.41%,0.62,3633000,48.47,+188.69
DG,"Dollar General Corp",120.58,-1.41%,120,123.84,124.69,125.56,"New Below 50",-23.79%,1.11,2154700,47.1,+4.01
DGX,"Quest Diagnostics Inc",241.3,-0.19%,218.49,235.74,197.85,203.35,"Above 70",-1.78%,1.3,1139400,71.63,+40.98
DHI,"D.R. Horton",147.33,-2.98%,151.66,148.1,149.74,149.84,"New Below 50",-20.17%,0.8,1760800,48.27,-11.52
DHR,"Danaher Corp",215.91,+2.09%,194.73,201.5,202.95,195.2,"Above 50",-11.07%,1.25,5503200,66.3,+6.68
DIS,"Walt Disney Company",107.32,+0.36%,99.68,101.61,104.12,102.16,"Above 50",-10.40%,0.73,7971400,64.32,-5.59
DLR,"Digital Realty Trust",194.3,+1.01%,186.81,194.05,177.62,183.94,"Above 50",-6.65%,0.53,1367100,54.12,+17.37
DLTR,"Dollar Tree Inc",128.45,-2.57%,123.37,128.61,115.63,115.02,"Above 50",-9.80%,1.43,2813100,53.16,+16.07
DOC,"Healthpeak Properties",21.2,+2.12%,21.36,21.41,18.42,18.87,"Below 50",-7.62%,0.85,4808600,49.57,+23.67
DOV,"Dover Corp",199.88,-1.24%,212.83,205.9,209.1,215.02,"Below 50",-15.85%,0.77,843600,36.27,+4.77
DOW,"Dow Inc",32.9,+3.62%,30.3,30.44,31.03,33.54,"Above 50",-23.02%,1.56,14366200,63.46,+29.38
DPZ,"Domino's Pizza Inc",334.37,-0.64%,325.32,349.67,368.05,352.03,"Below 50",-28.71%,1.25,982300,46.13,-24.43
DRI,"Darden Restaurants",217.95,-1.78%,208.01,213.6,198.96,204.1,"Above 50",-5.14%,0.79,925000,55.86,+9.78
DTE,"Dte Energy Company",138.15,-0.74%,146.18,141.25,141.52,144.52,"Below 50",-11.30%,0.74,1004600,36.72,-2.81
DUK,"Duke Energy Corp",122.69,-0.74%,125.67,125.01,124.43,126.11,"Below 50",-8.77%,0.79,3729300,42.32,-2.14
DVA,"Davita Healthcare Partners",175.24,-1.15%,214.89,202.79,160.92,175.55,"Below 30",-29.19%,0.48,483400,24.92,+11.48
DVN,"Devon Energy Corp",49.3,+2.30%,43.82,45.01,42.74,44.99,"Above 50",-6.47%,0.93,10357900,68.94,+41.78
DXCM,"Dexcom Inc",90.22,+0.38%,77.28,84.26,69.16,70.81,"Above 50",-1.89%,0.9,5164500,66.93,+27.79
EA,"Electronic Arts Inc",209.7,-0.10%,205.27,208.31,202.86,203.14,"Above 70",-0.24%,9.66,48713602,75.48,+20.88
EBAY,"Ebay Inc",104.61,+1.92%,110.07,108.35,97.5,101.7,"Below 50",-12.32%,1.2,5580100,43.8,+9.05
ECL,"Ecolab Inc",281.48,-1.45%,275.59,280.16,271.46,273.94,"Above 50",-8.99%,1.34,1862800,54.18,+1.97
ED,"Consolidated Edison Company",108.31,+0.29%,109.88,109.1,106.83,109.46,"Below 50",-6.81%,0.96,2315300,45.89,+5.86
EFX,"Equifax Inc",192.41,+0.16%,171.47,180.63,188.81,180.47,"Above 50",-29.22%,0.92,1194000,62.99,-18.17
EG,"Everest Re Group",368.36,+1.22%,364.96,373.83,339.8,345.08,"Below 50",-8.16%,0.81,264500,49.1,+10.35
EIX,"Edison International",74.66,+1.66%,74.11,72.88,68.04,71.16,"Above 50",-8.53%,1.05,3660900,55.53,+32.25
EL,"Estee Lauder Companies",96.15,-1.90%,84.64,86.62,91.55,88.63,"New Below 70",-20.95%,1.66,5120100,68.29,+10.73
ELV,"Elevance Health Inc",396.28,-0.54%,394.82,388.83,354.72,359.61,"Above 50",-9.16%,0.81,812900,52.44,+26.30
EME,"Emcor Group",787.39,-2.28%,797.42,797.89,753.37,794.93,"New Below 50",-17.29%,0.68,285500,46.48,+24.34
EMR,"Emerson Electric Company",154.72,-1.83%,147.51,156.55,141.48,143.69,"Above 50",-6.99%,0.6,1821500,51.29,+18.23
EOG,"Eog Resources",152.19,+1.81%,138.74,143.51,126.51,133.06,"Above 50",-0.96%,0.86,2429100,64.66,+33.51
EPAM,"Epam Systems Inc",106.76,-0.57%,92.1,101.65,141.52,123.24,"Above 50",-52.02%,0.63,1119300,60.41,-39.73
EQIX,"Equinix Inc",1082.61,+0.51%,1052.22,1056.93,947.98,1006.89,"Above 50",-4.08%,0.57,358100,56.63,+37.76
EQR,"Equity Residential",63.66,-3.50%,67.42,66.91,63.44,64.29,"Below 50",-10.97%,4.13,17443400,35.4,-2.05
EQT,"Eqt Corp",53.89,+0.47%,51.95,53.04,56.35,56.36,"Above 50",-21.03%,0.84,5210700,56.17,+0.31
ERIE,"Erie Indemnity Company",262.29,-1.90%,238.89,248.53,255.7,245.39,"Above 50",-28.88%,0.73,195700,59.89,-20.81
ES,"Eversource Energy",72.15,+0.22%,72.56,72.67,70.31,70.89,"Below 50",-5.77%,0.84,1933400,47.49,+7.72
ESS,"Essex Property Trust",287.71,+0.12%,288.46,286.98,265.53,268.22,"Above 50",-5.15%,0.7,297700,50.77,+11.08
ETN,"Eaton Corp",415.29,-2.21%,415.43,428.79,379.04,392.2,"Below 50",-13.12%,0.72,1684400,44.73,+20.12
ETR,"Entergy Corp",107.34,-0.57%,111.55,108.48,104.94,108.56,"Below 50",-9.38%,0.67,1649800,42.18,+15.99
EVRG,"Evergy Inc",83.16,-0.50%,84.73,83.73,80.39,82.32,"Below 50",-6.16%,1.26,2381400,44.58,+13.10
EW,"Edwards Lifesciences Corp",89.83,-2.65%,88.91,89.07,84.62,84.52,"Above 50",-6.71%,0.66,2638000,50.76,+11.98
EXC,"Exelon Corp",45.06,-0.53%,46.25,45.79,46.04,46.52,"Below 50",-11.04%,0.68,4863400,42.73,-1.42
EXE,"Expand Energy Corporation",96.07,+0.04%,90.74,93.8,102,98.4,"Above 50",-24.13%,0.92,2786700,58.48,-1.99
EXPD,"Expeditors Intl",186.4,-0.02%,172.65,178.74,155.88,158.61,"Above 50",-1.89%,0.61,652800,64.04,+56.89
EXPE,"Expedia Group Inc",324.17,-0.64%,277.02,309.25,254.65,250.02,"Above 50",-3.23%,0.57,934200,64.04,+59.41
EXR,"Extra Space Storage Inc",147.26,-0.44%,147.46,148.61,140.77,143.59,"New Below 50",-7.31%,0.58,664700,48.54,+4.91
F,"Ford Motor Company",13.99,-3.52%,14.16,14.3,13.45,13.49,"New Below 50",-21.32%,0.83,41185800,47.25,+16.28
FANG,"Diamondback Energy",211.02,+1.18%,192.07,199.32,177.66,187.07,"Above 50",-2.71%,1.21,2234400,63.48,+49.28
FAST,"Fastenal Company",50.66,-1.52%,47.82,49.95,44.87,46.13,"Above 50",-4.26%,0.65,5040700,58.07,+8.30
FCX,"Freeport-Mcmoran Inc",71.22,+3.08%,64.38,66.4,58.97,63.09,"Above 50",-1.46%,1.39,17647400,61.57,+66.80
FDS,"Factset Research Systems",300.06,+0.66%,256.01,278.54,247.68,236.26,"Above 50",-22.51%,1.1,958100,65.69,-4.63
FDX,"Fedex Corp",326.04,-0.71%,319.6,319.66,283.79,303.58,"Above 50",-5.60%,1.1,1666000,54.57,+65.90
FE,"Firstenergy Corp",47.18,-0.15%,47.91,47.92,47.52,48.21,"Below 50",-9.86%,0.75,3392800,43.15,+5.10
FFIV,"F5 Inc",377.79,-1.26%,403.88,402.04,318.83,341.47,"Below 50",-13.15%,0.49,355400,37.46,+26.81
FICO,"Fair Isaac and Company",1149.75,-1.02%,1174.14,1126.48,1337.33,1206.82,"Above 50",-42.46%,0.66,263400,51.74,-19.62
FIS,"Fidelity National Information Services",40.58,-0.20%,41.32,43.11,50.89,45.97,"Below 50",-43.56%,0.62,4065500,41.94,-42.72
FISV,"Fiserv Inc",51.38,-1.34%,51.48,53.29,58.93,56.73,"Below 50",-63.35%,0.87,7430700,45.79,-41.32
FITB,"Fifth Third Bancorp",54.5,-0.84%,56.44,57.06,50.23,51.8,"Below 50",-8.40%,1.23,6733600,34.46,+22.20
FIX,"Comfort Systems USA",1672.9399,-1.36%,1785.43,1716.12,1457.04,1620.21,"Below 50",-19.34%,0.77,360000,45.12,+115.70
FOX,"Fox Corp Cl B",60.45,+0.10%,51.98,55.48,56.86,55.15,"Above 50",-11.33%,1.03,1090600,69.3,+12.71
FOXA,"Fox Corp Cl A",67.96,0.00%,57.96,62.26,63.3,61.25,"Above 70",-11.04%,1.15,5784300,70.03,+16.39
FRT,"Federal Realty Investment Trust",117.25,-0.26%,122.28,120.84,110.06,113.73,"Below 50",-8.55%,0.82,741000,35.8,+17.44
FSLR,"First Solar Inc",214.06,-3.75%,230.69,223.27,233.83,224.99,"Below 50",-33.30%,0.61,1619700,42.7,-2.37
FTNT,"Fortinet Inc",150.79,-1.35%,155.75,158.47,105.85,114.06,"Below 50",-12.38%,0.96,5158000,42.28,+81.86
FTV,"Fortive Corp",59.4,+0.85%,61.07,60.86,57.64,59,"Below 50",-7.99%,0.86,2344900,42.6,+17.55
GD,"General Dynamics Corp",386.07,-1.60%,373.19,389.04,352.93,356.02,"Above 50",-3.48%,0.92,933000,52.02,+21.54
GDDY,"Godaddy Inc",98.19,+1.39%,88.65,94.15,97.96,88.75,"Above 50",-34.74%,0.54,1212100,56.74,-25.89
GE,"GE Aerospace",344.64,-3.25%,359.17,364.56,319.45,324.52,"Below 50",-11.37%,1.68,6056100,40.08,+26.38
GEHC,"GE Healthcare Technologies",74.06,-0.75%,66.43,70.36,72.84,70.27,"Above 50",-17.50%,0.54,2499500,64.49,+0.51
GEN,"Gen Digital Inc",28.17,+2.31%,26.35,28,24.39,23.6,"Above 50",-11.62%,1.17,5749000,54.82,+0.44
GEV,"GE Vernova Inc",966.01,-2.17%,1033.26,1002.67,866.18,947.85,"Below 50",-19.23%,1.13,2658100,42.13,+52.47
GILD,"Gilead Sciences Inc",143.44,-2.82%,131.41,135.26,132.94,136.22,"New Below 70",-8.81%,1.06,7167500,63.82,+24.73
GIS,"General Mills",39.61,-0.95%,36.45,37.43,40.26,38.2,"Above 50",-22.83%,0.98,8278800,62.74,-16.91
GL,"Globe Life Inc",170.49,-0.57%,177.76,179.85,151.72,156.83,"Below 50",-10.99%,0.72,443300,34.83,+23.62
GLW,"Corning Inc",151.45,-0.66%,174.47,152.28,140.32,158.24,"Below 50",-44.27%,0.76,10582500,44.89,+94.85
GM,"General Motors Company",86.15,+1.40%,81.97,87.14,78.95,79.73,"Above 50",-6.21%,0.86,4918500,53.9,+42.85
GNRC,"Generac Holdings Inc",206.75,-1.93%,234.03,208.51,206.48,224.96,"Below 50",-30.26%,0.61,746100,42.19,+3.59
GOOG,"Alphabet Cl C",338.2,-1.02%,350.39,345.69,331.78,339.69,"Below 50",-16.38%,0.77,14187700,43.1,+45.85
GOOGL,"Alphabet Cl A",340.67,-1.17%,352,347.14,332.72,341.18,"Below 50",-16.63%,0.68,18570301,44.03,+47.47
GPC,"Genuine Parts Company",132.92,-1.20%,122.52,131.38,119.24,116.57,"Above 50",-12.30%,1.48,1761400,57.65,+2.80
GPN,"Global Payments Inc",92.28,+0.59%,78.88,88.03,74.79,73.79,"Above 50",-3.45%,0.6,1899600,63.99,+15.59
GRMN,"Garmin Ltd",293.09,-0.87%,261.86,295.07,233.76,244.25,"Above 50",-6.74%,0.85,899600,55.93,+33.16
GS,"Goldman Sachs Group",1001.95,-1.93%,1052.62,1034.15,935.09,961.25,"Below 50",-13.18%,0.91,1756100,40.5,+31.17
GWW,"W.W. Grainger",1300.34,-0.51%,1343.38,1329.07,1157.43,1215.1,"Below 50",-8.42%,0.84,238300,41.67,+29.10
HAL,"Halliburton Company",35.69,+1.91%,34.27,33.02,34.32,36.37,"Above 50",-18.12%,1.17,12173400,61.91,+47.57
HAS,"Hasbro Inc",93.56,+0.25%,86.96,93.72,88.67,91.14,"Above 50",-12.54%,0.83,1474500,55.83,+15.35
HBAN,"Huntington Bancshares",17.01,-0.93%,17.59,17.45,16.91,16.93,"Below 50",-12.57%,1.14,27739699,39.98,-1.02
HCA,"Hca Holdings Inc",406.27,-0.19%,395.52,406.11,454.88,446.72,"Above 50",-27.00%,0.76,1063600,52.35,-5.86
HD,"Home Depot",334.49,-2.85%,339.74,342.35,346.25,342.93,"New Below 50",-21.62%,1.01,4027600,45.09,-16.70
HIG,"The Hartford Insurance Group",137.12,-0.30%,137.3,140.74,135.8,136.21,"Below 50",-6.12%,0.59,905100,44.33,+2.69
HII,"Huntington Ingalls Industries",301.4,-3.32%,296.66,315.17,349.08,354.85,"New Below 50",-34.48%,0.72,400900,44.12,-0.12
HLT,"Hilton Inc",329.61,-1.53%,330.11,322.37,309.92,319.48,"Above 50",-7.93%,0.96,2119500,54.23,+18.76
HOLX,"Hologic Inc",76.01,+0.48%,75.29,75.47,71.28,73.01,"Above 50",-0.08%,12.35,102025600,68.74,+28.29
HON,"Honeywell International",218.32,-1.54%,233.87,238.31,230.07,237.77,"Below 50",-16.43%,0.77,2438200,34.46,-4.39
HOOD,"Robinhood Markets Cl A",95.1,-0.70%,99.87,93.22,96.28,87.29,"Below 50",-38.19%,1.37,25193600,48.73,-26.20
HPE,"Hewlett Packard Enterprise",52.89,-0.45%,48.88,52.41,31.62,34.47,"Above 50",-17.68%,0.67,11165500,52.47,+164.67
HPQ,"HP Inc",29.47,-1.57%,25.75,28.71,22.58,22.14,"Above 50",-8.45%,0.79,11416600,58.24,+20.36
HRL,"Hormel Foods Corp",24.08,-1.35%,24.92,24.91,23.41,23.5,"Below 50",-17.94%,0.97,3444600,40.96,-11.49
HSIC,"Henry Schein Inc",88.46,-0.93%,85.45,87.93,78.07,79.24,"Above 50",-4.04%,0.64,865700,55.26,+30.43
HST,"Host Marriott Financial Trust",23.09,-0.26%,24.02,23.9,20.65,21.6,"Below 50",-10.19%,0.95,9739600,43.17,+35.65
HSY,"Hershey Foods Corp",188.31,-0.25%,178.34,181.83,191.97,195.29,"Above 50",-21.37%,0.74,1110700,61.42,+1.87
HUBB,"Hubbell Inc B",469.76,-1.24%,494.51,493.9,485.07,497.8,"Below 50",-16.93%,0.54,338700,40.2,+2.72
HUM,"Humana Inc",380.73,+0.72%,382.96,377.71,271.97,277.44,"New Above 50",-11.23%,0.94,1316600,50.42,+62.27
HWM,"Howmet Aerospace Inc",273.64,-3.47%,277.73,284.54,242.47,255.25,"New Below 50",-11.73%,1.01,2237500,42.55,+53.30
IBKR,"Interactive Brokers",89.85,-0.76%,91.63,89.97,77.55,81.17,"Below 50",-8.17%,0.76,3476500,48.07,+44.14
IBM,"Intl Business Machines",233.69,-1.46%,248.09,230.62,266.35,253.83,"New Below 50",-29.71%,0.71,4986800,47.92,-2.53
ICE,"Intercontinental Exchange",158.61,+0.87%,142.2,152.53,154.58,153.46,"New Above 70",-12.68%,1.08,4522300,71.69,-7.21
IDXX,"Idexx Laboratories",545.86,-2.91%,560,567.67,615.93,585.41,"Below 50",-29.11%,0.95,610600,42.63,-17.49
IEX,"Idex Corp",233.75,-0.30%,227.17,233.66,202.51,211.59,"Above 50",-4.12%,0.93,653300,53.16,+40.77
IFF,"International Flavors & Fragrances",83.39,+0.07%,79.28,82.08,73.42,75.77,"Above 50",-6.63%,0.78,1263500,55.68,+26.21
INCY,"Incyte Corp",127.22,-0.97%,115.75,122.03,103.52,103.92,"Above 50",-4.06%,0.64,1207100,64.55,+54.70
INTC,"Intel Corp",92.13,-0.72%,108.52,95.81,71.26,82.12,"Below 50",-35.28%,0.72,85654703,41.4,+173.73
INTU,"Intuit Inc",361.87,-0.17%,297.67,330.74,444.01,374.29,"Above 50",-48.68%,0.88,3288800,66.59,-42.65
INVH,"Invitation Homes Inc",30.27,+0.23%,29.85,30.05,27.82,27.93,"Above 50",-3.53%,0.77,2959300,54.4,+2.84
IP,"International Paper Company",40.36,-1.70%,38.91,41.56,38.3,38.1,"Above 50",-19.68%,0.59,2880900,50.54,-9.75
IQV,"Iqvia Holdings Inc",256.05,+2.72%,211.41,237.28,199.29,190.66,"New Above 70",-1.63%,1.15,1787400,70.95,+46.55
IR,"Ingersoll Rand Inc",79.33,-2.23%,81.42,84.89,81.98,82.76,"Below 50",-21.42%,0.69,2771200,38.02,-2.90
IRM,"Iron Mountain Inc",122.94,+0.70%,124.68,124.72,108.49,115.44,"Below 50",-8.72%,0.78,1379900,47,+31.37
ISRG,"Intuitive Surg Inc",374.48,-5.84%,388.96,376.61,473.97,443.57,"New Below 50",-37.99%,1.28,3970800,45.4,-28.08
IT,"Gartner Inc",193.68,+0.45%,151.33,173.98,179.62,160.28,"Above 50",-27.15%,0.53,854200,67.37,-10.12
ITW,"Illinois Tool Works",282.74,-0.53%,276.76,289.96,265.08,270.39,"Below 50",-6.73%,0.78,1014100,46.93,+8.30
IVZ,"Invesco Limited",31.36,-2.64%,29.41,31.14,26.74,27.13,"Above 50",-4.39%,0.89,4467500,54.29,+46.46
J,"Jacobs Engineering Group",147.94,+0.39%,132.68,141.99,132.97,130.52,"Above 50",-12.17%,0.99,909900,66.74,+6.79
JBHT,"J B Hunt Transport",274.47,+0.75%,279.11,274.39,232.11,247.55,"Below 50",-8.44%,0.7,598800,48.37,+77.29
JBL,"Jabil Circuit",316.65,-1.90%,342.06,333.07,287.59,310.51,"Below 50",-26.18%,0.87,928200,42.05,+44.79
JCI,"Johnson Controls Intl",143.16,-1.23%,145.12,148.62,133.49,139.01,"Below 50",-8.85%,0.81,2980100,42.29,+30.25
JKHY,"Jack Henry & Assoc",165.08,+1.24%,145.91,155.61,159.52,153.71,"Above 50",-14.64%,1.11,1038500,65.45,+3.35
JNJ,"Johnson & Johnson",267.37,-2.21%,254.19,261.8,231.39,240.78,"Above 50",-3.29%,0.93,6475800,59.13,+48.18
JPM,"JP Morgan Chase & Company",351.55,-1.60%,343.09,357.16,315.86,316.17,"New Below 50",-4.08%,1.1,6799600,48.46,+21.58
KDP,"Keurig Dr Pepper Inc",31.66,+1.93%,31.12,30.63,28.83,29.18,"Above 50",-11.04%,0.83,10829100,57.07,-0.40
KEY,Keycorp,21.85,-1.13%,22.9,22.69,21.19,21.76,"Below 50",-9.20%,1.45,13390500,36.13,+13.75
KEYS,"Keysight Technologies",316.51,-0.92%,333.03,331.32,280.87,308.69,"Below 50",-15.59%,1.37,1911600,41.83,+68.38
KHC,"Kraft Heinz Company",25.57,-0.43%,24.97,25.7,23.97,23.82,"Above 50",-9.00%,0.8,11954200,51.94,-3.12
KIM,"Kimco Realty Corp",24.16,-0.66%,25.19,24.9,22.85,23.69,"Below 50",-9.33%,0.66,2957300,37.23,+9.92
KKR,"KKR & Company LP",107.02,-3.11%,99.84,106.02,106.3,99.45,"Above 50",-29.64%,0.7,3708300,53.37,-18.04
KLAC,"K L A-Tencor Corp",185.86,-0.75%,220.66,194.43,168.21,183.21,"Below 50",-39.53%,0.62,7330100,40.66,+67.22
KMB,"Kimberly-Clark Corp",108.69,-1.08%,108.47,109.88,102.9,103.06,"New Below 50",-19.12%,0.7,2431400,49.06,-11.69
KMI,"Kinder Morgan Inc",31.61,-1.47%,32.04,31.82,30.81,32.08,"New Below 50",-9.18%,1.33,13721800,46.54,+14.96
KO,"Coca-Cola Company",90.5,+0.17%,84.16,87.29,77.38,79.69,"Above 50",-1.49%,0.94,14928000,69.13,+33.99
KR,"Kroger Company",56.32,+0.09%,58.29,57.2,64.42,64.65,"Below 50",-26.46%,1.55,9701200,43.52,-21.57
KVUE,"Kenvue Inc",18.93,-1.05%,19,19.23,17.81,18.12,"New Below 50",-13.09%,0.8,17706400,47.24,-4.24
L,"Loews Corp",110.7,-0.44%,113.54,114.96,108.43,109.64,"Below 50",-8.52%,0.77,540300,32.98,+12.36
LDOS,"Leidos Holdings Inc",141.37,-3.38%,117.26,130.85,156.29,145.12,"New Below 70",-31.30%,0.72,1160700,66.77,-21.58
LEN,"Lennar Corp",85.42,-2.15%,86.77,85.9,100.34,94.62,"New Below 50",-40.78%,0.95,2186800,48.62,-35.60
LH,"Laboratory Corp of America",332.81,+0.72%,290.91,316.51,271.48,275.66,"Above 70",-1.59%,1.04,731800,73.93,+29.94
LHX,"L3Harris Technologies",270.44,-2.41%,290.91,286.65,315.68,323.1,"Below 50",-28.69%,1.02,1729200,37.19,-10.63
LII,"Lennox International",406.05,-3.17%,503.67,443.4,503.32,506.49,"Below 50",-32.08%,0.8,518200,31.07,-31.30
LIN,"Linde Plc",481.29,+0.03%,508.1,490.19,476.86,496.08,"Below 50",-12.21%,0.81,1811400,40,+0.20
LLY,"Eli Lilly and Company",1244.4,-2.81%,1177.2,1195.13,1051.19,1055.94,"Above 50",-3.73%,0.93,2621300,58.02,+70.12
LMT,"Lockheed Martin Corp",571.48,-3.00%,547.78,588.49,552.14,576.51,"New Below 50",-17.42%,1.37,1555000,48.66,+22.41
LNT,"Alliant Energy Corp",69.46,-0.98%,73.35,70.76,70.39,71.75,"Below 50",-11.86%,0.66,1765400,38.31,+1.65
LOW,"Lowe's Companies",217.34,-1.21%,215.92,216.22,237.61,235.87,"Above 50",-25.84%,1.99,5891800,51.52,-17.85
LRCX,"Lam Research Corp",310.53,+1.09%,337.44,307.46,252.83,280.84,"Below 50",-29.18%,0.63,6802500,47.27,+164.42
LULU,"Lululemon Athletica",115.69,-3.15%,117.59,120.83,155.49,144.04,"Below 50",-48.81%,1.29,3339100,42.77,-44.97
LUV,"Southwest Airlines Company",39.89,-3.69%,47.12,45.1,42.65,44.35,"New Below 30",-27.62%,1,4743200,28.85,+11.61
LVS,"Las Vegas Sands",45.97,-1.31%,46.88,46.64,55.27,51.99,"New Below 50",-34.75%,0.85,4316900,46.75,-20.65
LW,"Lamb Weston Holdings Inc",53.47,-0.72%,48.55,52.87,47.46,45.49,"Above 50",-20.28%,0.83,1375600,60.82,+10.47
LYB,"Lyondellbasell Industries NV",68.1,+3.09%,59.83,62.09,59.36,64.21,"Above 50",-18.87%,0.95,4403600,68,+23.73
LYV,"Live Nation Entertainment",182.02,-1.18%,179.67,182.46,158.23,164.46,"Above 50",-3.82%,0.72,1535300,50.4,+16.88
MA,"Mastercard Inc",573.85,+0.02%,535.85,566.21,528.24,518.73,"Above 50",-4.64%,0.84,2612700,62.29,+2.16
MAA,"Mid-America Apartment Communities",132.06,+0.45%,135.06,133.24,132.19,131.67,"Below 50",-9.80%,0.93,953800,46.54,-6.06
MAR,"Marriot Int Cl A",356.6,-0.93%,371.7,361.48,341.26,354.64,"Below 50",-13.23%,1.03,1861700,45.25,+26.13
MAS,"Masco Corp",73.33,-2.55%,76.55,75.53,69.02,70.75,"Below 50",-12.32%,0.46,1328900,44.36,+0.96
MCD,"McDonald's Corp",269.13,+0.63%,272.76,270.76,298.08,294.82,"Below 50",-21.25%,0.77,3526200,47.24,-16.16
MCHP,"Microchip Technology",75.81,-1.65%,84.61,77.8,76.44,81.19,"Below 50",-28.42%,0.62,6825000,43.12,+4.80
MCK,"Mckesson Corp",838.75,-1.75%,819.88,863.71,840.49,842.78,"New Below 50",-16.04%,0.55,557600,47.29,+16.11
MCO,"Moody's Corp",498.77,+0.35%,477.16,482.6,472,463.29,"Above 50",-8.80%,0.96,736900,60.44,+1.26
MDLZ,"Mondelez Intl Inc",64.14,-0.03%,61.32,62.58,58.77,59.92,"Above 50",-3.77%,0.69,5996900,59.47,+6.12
MDT,"Medtronic Inc",92.3,-1.94%,84.09,88.34,89.78,86.98,"New Below 70",-13.19%,0.91,6348800,66.09,+1.91
MET,"Metlife Inc",93.46,-1.73%,92.24,96.59,80.95,81.69,"Below 50",-7.40%,0.99,3817300,43.7,+21.14
META,"META Platforms",545.83,-0.04%,593.41,578.75,624.57,619.48,"Below 50",-30.98%,0.8,13872100,37.01,-28.55
MGM,"MGM Resorts International",43.17,-0.12%,46.07,44.56,39.04,40.46,"Below 50",-16.32%,0.59,1445600,36.28,+17.70
MKC,"Mccormick & Company",55.22,-2.23%,51.4,52.82,57.69,54.77,"Above 50",-23.92%,1,2885800,61.4,-19.73
MLM,"Martin Marietta Materials",525.27,-1.92%,568.41,547.52,605.81,599.83,"Below 50",-26.12%,0.78,487500,40.28,-18.33
MMM,"3M Company",178.09,-1.42%,168.68,180.11,160.43,158.62,"Above 50",-3.68%,1.11,3499900,54.44,+16.86
MNST,"Monster Beverage Corp",47.49,+0.13%,47.42,47.04,41.14,42.53,"Above 50",-5.34%,0.8,9057101,52.95,+48.95
MO,"Altria Group",66.94,+1.38%,70.36,68.03,65.79,68.35,"Below 50",-13.13%,0.99,10277300,45.43,-0.33
MOH,"Molina Healthcare Inc",196.94,-2.10%,210.56,198.93,174.27,179.68,"Below 50",-19.58%,0.76,553700,43.35,+27.10
MOS,"Mosaic Company",23.35,+5.04%,22.11,22.51,24.59,24.49,"New Above 50",-36.88%,1.59,12618800,57.44,-24.76
MPC,"Marathon Petroleum",358.23,-0.70%,295.57,327.1,231.89,248.04,"Above 70",-2.55%,1.2,2895800,70.63,+128.37
MPWR,"Monolithic Power Sys",1310.6,+0.80%,1381.42,1353.2,1233.13,1329.64,"Below 50",-23.54%,0.52,437100,44.69,+43.03
MRK,"Merck & Company",148.99,-2.11%,127.33,133.15,114.95,119.99,"New Below 80",-2.94%,1.62,16204600,75.38,+76.86
MRNA,"Moderna Inc",133.32,-23.55%,65.62,68.01,48.13,54.61,"New Below 80",-24.53%,5,99499906,69.43,+168.80
MRSH,"Marsh & Mclennan Companies",190.21,+0.53%,179.35,189.66,177.38,175.45,"Above 50",-10.55%,1.08,2417400,57.22,-3.07
MS,"Morgan Stanley",207.45,-3.16%,216.68,214.1,188.17,193.09,"Below 50",-10.68%,1.03,4875200,39.51,+37.08
MSCI,"MSCI Inc",568.75,+0.62%,583.31,568,573.51,575.61,"Below 50",-11.79%,0.95,676400,47.68,-1.62
MSFT,"Microsoft Corp",481.15,-0.65%,418.13,468.02,431.48,412.93,"Above 50",-13.11%,0.54,20020801,61.61,+0.13
MSI,"Motorola Solutions",473.63,-1.50%,427.09,452.68,417.54,430.7,"Above 50",-4.04%,1.55,1564800,63.58,+9.87
MTB,"M&T Bank Corp",238.25,-2.58%,242.79,250.03,217.8,224.69,"Below 50",-6.92%,1.8,1801700,36.01,+21.09
MTCH,"Match Group Inc",40.35,+1.64%,37.8,38.46,34.17,34.65,"Above 50",-2.54%,0.89,2852200,60.53,+17.63
MTD,"Mettler-Toledo International",1393.23,-2.24%,1310.64,1408.99,1321.59,1285.3,"Above 50",-8.65%,2.59,444500,53.12,+8.26
MU,"Micron Technology",974.33,+3.97%,963.09,893.95,567.44,669.54,"Above 50",-22.36%,0.63,25212201,55.16,+468.87
NCLH,"Norwegian Cruise Ord",16.75,-3.40%,19.54,19.1,19.98,19.79,"Below 50",-38.37%,1.37,22097800,34.26,-34.31
NDAQ,"Nasdaq Inc",97.55,+1.25%,89.8,95.33,89.76,88.9,"Above 50",-4.16%,0.98,2938300,64.98,+8.02
NDSN,"Nordson Corp",334.7,+8.00%,297.51,306.73,274.06,285.6,"New Above 70",-0.59%,3.25,1255800,75.6,+52.07
NEE,"Nextera Energy",85.03,-1.02%,87.18,86.6,87.83,89.67,"Below 50",-13.89%,1.36,15235700,38.1,+6.59
NEM,"Newmont Mining",127.64,+2.05%,100.76,107.4,106.11,109.71,"Above 70",-5.37%,1.3,9674000,73.59,+73.25
NFLX,"Netflix Inc",80.14,-0.10%,74.57,74.81,88.57,84.57,"Above 50",-36.75%,0.79,27118400,63.61,-32.12
NI,"NiSource Inc",41.64,+0.02%,45.58,43.43,45.17,46.11,"Below 30",-15.38%,1.05,6358700,29.96,-7.25
NKE,"Nike Inc",40.21,-2.05%,42.56,41.54,52.72,49.08,"Below 50",-49.84%,0.68,16662000,43.1,-48.11
NOC,"Northrop Grumman Corp",563.86,-3.26%,542.01,562.29,604.44,614.63,"Above 50",-27.15%,1.79,1236200,51.95,-7.55
NOW,"Servicenow Inc",129.75,+2.00%,108.47,118.46,120.58,107.09,"Above 50",-33.37%,0.76,16952200,64.17,-19.02
NRG,"NRG Energy",115.36,-4.33%,131.96,124.51,149.73,145.57,"Below 50",-39.27%,0.87,2791300,40.17,-29.76
NSC,"Norfolk Southern Corp",346.62,+0.26%,327.39,339.15,305.71,311.36,"Above 50",-3.34%,1.24,1605300,62.4,+25.31
NTAP,"Netapp Inc",192.81,-0.86%,172.47,189.31,126.49,131.69,"Above 50",-7.77%,0.87,2171900,56.92,+86.84
NTRS,"Northern Trust Corp",182.51,-1.56%,181.09,185.18,155.32,162.11,"New Below 50",-6.78%,1.05,1100100,45.62,+43.34
NUE,"Nucor Corp",240.48,-3.32%,248.28,263.59,200.13,214.06,"Below 50",-14.15%,1.42,2271500,37.1,+63.09
NVDA,"Nvidia Corp",216.85,-0.33%,207.29,212.78,195.25,198.6,"Above 50",-8.32%,0.79,92457000,53.42,+23.61
NVR,"NVR Inc",6300,-1.85%,6438.79,6325.62,6855.99,6680.75,"New Below 50",-26.90%,1,33000,47.95,-22.12
NWS,"News Corp Cl B",33.78,+0.75%,31.03,32.5,29.58,29.57,"Above 50",-4.33%,0.67,743300,62.13,+5.73
NWSA,"News Corp Cl A",29.65,+0.68%,27.32,28.58,25.95,25.93,"Above 50",-6.20%,0.66,2519700,62.06,+6.64
NXPI,"Nxp Semiconductors",222.97,-1.35%,267.58,237.79,242.52,251.16,"Below 50",-34.41%,0.47,2124600,33.67,-10.15
O,"Realty Income Corp",63.17,+0.35%,63.17,63.37,61.57,63.01,"New Above 50",-7.01%,0.65,3589300,50.22,+6.80
ODFL,"Old Dominion Freight Line",204.52,-0.27%,221.89,214.92,193.35,207.79,"Below 50",-18.85%,0.6,1045600,37.07,+26.39
OKE,"Oneok Inc",94.6,-1.47%,90.18,91.19,83.46,87.36,"Above 50",-3.37%,0.7,2740900,58.39,+28.81
OMC,"Omnicom Group Inc",87.07,-0.41%,80.08,83.9,77.3,77.68,"Above 50",-1.67%,0.5,1453600,59.74,+14.49
ON,"On Semiconductor",74.71,-2.44%,93.49,81.23,76.98,84.94,"Below 50",-44.63%,0.59,5865000,36,+41.68
ORCL,"Oracle Corp",142.07,-1.21%,146.52,139.22,173.63,162.02,"New Below 50",-58.91%,0.5,15184400,48.82,-46.52
ORLY,"O'Reilly Automotive",89.08,-2.32%,89.02,91.01,92.62,91.65,"New Below 50",-18.06%,1.1,6790500,46.25,-12.38
OTIS,"Otis Worldwide Corp",71.77,-0.25%,72.48,72.63,81.02,78.51,"Below 50",-24.11%,0.82,2672000,46.83,-20.61
OXY,"Occidental Petroleum",61.52,+2.38%,54.7,57.22,51.38,54.7,"Above 50",-8.79%,1.06,8957700,67.77,+39.90
PANW,"Palo Alto Networks",349.56,-2.84%,333.95,356.33,225.31,235.7,"New Below 50",-12.36%,0.84,4736200,47.92,+110.75
PAYC,"Paycom Software Inc",226.72,+2.05%,158.74,193,145.71,139.87,"Above 70",-3.36%,0.64,650100,76.84,+13.94
PAYX,"Paychex Inc",122.91,+0.33%,110.52,119.61,103.34,100.29,"Above 50",-12.95%,0.9,2574300,61.63,+0.65
PCAR,"Paccar Inc",128.94,+1.15%,126.09,132.12,118.26,121.88,"Below 50",-7.40%,0.68,2455600,48.68,+27.28
PCG,"Pacific Gas & Electric Company",17.96,+1.76%,17.26,17.53,16.79,17.11,"Above 50",-6.24%,1.86,49681200,57.84,+18.26
PEG,"Public Service Enterprise Group",74.62,-0.94%,78.79,76.39,80.44,80.35,"Below 50",-14.85%,0.72,2063200,33.78,-12.53
PEP,"Pepsico Inc",142.08,-0.35%,140.07,139.84,148.95,150.15,"Above 50",-17.14%,0.77,5350300,56.19,-6.29
PFE,"Pfizer Inc",27.79,-1.59%,25.31,26.12,25.98,26.21,"New Below 70",-3.32%,0.72,29297000,68.35,+10.81
PFG,"Principal Financial Group",110.54,-0.99%,111.65,113.37,97.27,100.71,"Below 50",-5.21%,0.61,821500,42.76,+37.50
PG,"Procter & Gamble",142.97,-0.98%,147.7,145.52,147.65,148.57,"Below 50",-14.52%,1.65,15794000,40.95,-9.50
PGR,"Progressive Corp",220.34,+1.41%,214.69,212.96,210.38,206.46,"Above 50",-12.85%,1.54,3929900,58.3,-6.40
PH,"Parker-Hannifin Corp",1000.13,-2.26%,979.47,1020.6,926.86,946.83,"New Below 50",-9.07%,0.84,559700,46.65,+30.40
PHM,Pultegroup,127.67,-2.30%,128.57,130.16,124.78,125.61,"New Below 50",-11.64%,0.85,1270400,47.99,-1.30
PKG,"Packaging Corp of America",249.56,-1.32%,240.01,253.1,220.9,226.76,"Above 50",-4.01%,1.02,633500,52.29,+21.23
PLD,"Prologis Inc",140.68,-0.44%,142.93,142.27,136.43,139.49,"Below 50",-8.26%,0.65,3167600,45.96,+20.72
PLTR,"Palantir Technologies Cl A",173.96,-0.70%,137.94,154.42,151.64,142.46,"Above 50",-16.17%,0.58,27018398,66.3,-5.40
PM,"Philip Morris International",191.52,+0.84%,185.93,190.11,172.37,177.8,"Above 50",-7.82%,1.09,5370500,54.96,+16.42
PNC,"PNC Bank",241.62,-1.96%,247.89,251.82,221.44,228.59,"Below 50",-6.70%,1.48,2012400,35.44,+21.35
PNR,"Pentair Ltd",63.78,-2.76%,69.75,66.21,88.2,82.65,"Below 50",-44.03%,0.92,2726900,40.68,-45.37
PNW,"Pinnacle West Capital Corp",99.38,-0.05%,104.21,101.41,98.01,101.12,"Below 50",-10.60%,0.78,924900,36.29,+7.30
PODD,"Insulet Corp",146.87,-3.06%,154.49,152.81,220.01,191.43,"Below 50",-58.61%,0.69,1212700,45.6,-56.93
POOL,"Pool Corp",190.33,-2.89%,199.94,195.2,219.06,211.49,"Below 50",-43.38%,0.55,404200,44.43,-38.89
PPG,"PPG Industries",112.44,-1.30%,117.17,115.17,110.47,113.66,"Below 50",-15.73%,0.85,1574900,43.65,-0.14
PPL,"PPL Corp",35.2,-0.82%,35.84,35.51,36.39,36.75,"Below 50",-12.23%,0.55,4793800,44.73,-5.63
PRU,"Prudential Financial Inc",120.59,-1.33%,116.24,122.58,107.2,105.82,"Above 50",-5.58%,0.78,1485900,50.06,+15.99
PSA,"Public Storage",322.74,-0.74%,322.34,325.37,295.74,304.21,"New Below 50",-3.82%,0.53,510300,49.09,+12.95
PSKY,"Paramount Skydance Corp Cl B",10.29,-2.92%,9.42,9.07,11.27,10.26,"New Below 70",-50.67%,0.73,9308199,66.04,-37.67
PSX,"Phillips 66",240,-0.95%,198,218.58,166.44,176.47,"Above 70",-2.81%,1.15,3109800,75.45,+99.87
PTC,"Ptc Inc",153.52,+0.71%,128.67,142.25,150.29,141.81,"Above 50",-29.46%,0.56,826300,66.73,-21.60
PWR,"Quanta Services",662.47,-2.21%,671.99,662.16,578.3,624.03,"New Below 50",-16.01%,0.96,1177800,48.23,+66.33
PYPL,"Paypal Holdings",62.3,+1.71%,51.61,59.05,51.48,48.18,"Above 70",-21.35%,1.06,12019500,74.08,+5.04
Q,"Qnity Electronics Inc",133.52,+5.93%,143.5,134.82,119.98,131.73,"Below 50",-24.68%,2.11,4292100,46.21,+38.63
QCOM,"Qualcomm Inc",160.74,-0.72%,179.14,160.92,168.32,166.75,"Below 50",-38.16%,0.75,8509900,43.55,-7.30
RCL,"Royal Caribbean Cruises Ltd",287.62,-4.31%,303.14,311.53,286.78,291.29,"Below 50",-21.52%,1.02,1987900,36.2,-12.76
REG,"Regency Centers Corp",76.51,+0.14%,79.44,78.34,75.58,77.66,"Below 50",-8.55%,0.76,1064200,37.37,+4.84
REGN,"Regeneron Pharmaceuticals",826.64,-1.69%,691.62,767.79,723.49,718.95,"New Below 80",-2.16%,0.73,596400,75.18,+41.85
RF,"Regions Financial Corp",30.22,-1.21%,30.61,31.31,28.15,28.73,"Below 50",-6.93%,0.9,6876600,38.73,+14.94
RJF,"Raymond James Financial",172.35,-3.14%,167.46,177.45,159.45,158.63,"New Below 50",-5.68%,1.13,1099300,45.3,+8.23
RL,"Ralph Lauren Corp",372.52,-1.44%,390.11,384.42,364.64,368.85,"Below 50",-11.64%,0.95,574500,41.48,+22.66
RMD,"Resmed Inc",228.44,-0.67%,206.18,218.01,229.22,222.58,"Above 50",-22.25%,0.88,1285600,61.46,-16.75
ROK,"Rockwell Automation Inc",431.45,-0.42%,461.25,452.02,417.62,425.8,"Below 50",-13.25%,0.79,698900,38.78,+19.26
ROL,"Rollins Inc",36.38,+0.33%,41.57,37.4,53.5,51.37,"Below 30",-45.00%,0.63,3574900,29.86,-44.30
ROP,"Roper Industries",410.45,+0.77%,365.26,394.94,377.77,355.71,"Above 50",-24.04%,0.73,580500,65.38,-13.79
ROST,"Ross Stores Inc",228.99,-2.43%,234.33,246.81,208.66,219.49,"Below 50",-10.90%,2.51,6306500,35.41,+47.64
RSG,"Republic Services",219.5,-0.70%,214.7,214.32,214.15,214.89,"Above 50",-7.41%,0.97,1392600,58.5,-3.36
RTX,"Rtx Corp",212.29,-3.66%,202.71,219.59,191.38,195.48,"New Below 50",-6.43%,0.96,4931700,47.72,+34.55
RVTY,"Revvity Inc",124.13,+3.92%,110.71,114.87,100.42,101.02,"Above 50",-0.29%,1.51,2344400,67.89,+41.58
SBAC,"SBA Communications",180.54,-1.04%,184.46,181.34,193.49,193.93,"Below 50",-19.88%,0.5,570100,46.71,-19.65
SBUX,"Starbucks Corp",103.99,-0.94%,104.29,105.46,96.4,100.04,"Below 50",-5.90%,0.98,7583000,45.14,+19.08
SCHW,"The Charles Schwab Corp",109.79,-0.98%,100.96,107.54,96.58,96.58,"New Below 70",-2.15%,0.98,6641100,64.7,+20.50
SHW,"Sherwin-Williams Company",346.91,-1.89%,338.59,352.55,334.06,333.86,"New Below 50",-8.62%,0.91,1828400,49.34,-3.06
SJM,"J.M. Smucker Company",123.05,+0.17%,116.05,120.18,105.6,106.84,"Above 50",-3.60%,0.72,842000,59.85,+16.97
SLB,"Slb Limited",53.55,0.00%,49.69,51.65,47.98,51.12,"Above 50",-8.96%,0.75,8441400,60.09,+46.43
SMCI,"Super Micro Computer",36.5,-0.22%,30.32,32.49,31.52,30.81,"Above 50",-37.90%,0.93,51286602,60.14,-7.64
SNA,"Snap-On Inc",391.27,-0.68%,402.31,408.22,373.75,383.13,"Below 50",-7.51%,0.74,248600,36.37,+16.23
SNDK,"Sandisk Corp",1600.62,+2.02%,1655.12,1373.16,932.27,1159.59,"Above 50",-32.02%,0.65,11459600,53.88,"+1,134.30"
SNPS,"Synopsys Inc",397.92,-0.83%,421.34,399.24,446.35,445.47,"Below 50",-35.38%,0.73,1163800,43.54,-25.11
SO,"Southern Company",91.43,-0.82%,94.54,93.48,92.55,93.98,"Below 50",-9.33%,1.17,6415300,37.65,-3.57
SOLV,"Solventum Corporation",88.61,+0.91%,80.8,85.76,76.31,75.13,"Above 50",-1.54%,0.61,805000,61.76,+26.51
SPG,"Simon Property Group",219.9,-1.47%,222.93,225.26,200.01,205.46,"Below 50",-7.80%,0.86,1140000,44.08,+24.79
SPGI,"S&P Global Inc",432.16,+1.29%,422.4,417.4,452.06,433.4,"Above 50",-22.75%,1.06,2288000,57.35,-18.95
SRE,Sempra,87.38,+2.09%,90.48,87.18,91.48,91.89,"Below 50",-13.52%,1.28,4952700,47.37,+0.64
STE,"Steris Corp",235.74,-0.49%,219.3,232.13,234.19,226.36,"Above 50",-12.51%,0.74,565400,59.57,-3.73
STLD,"Steel Dynamics Inc",219,-5.20%,247.69,254.82,205.79,219.19,"New Below 30",-24.15%,1.92,2252200,29.61,+50.88
STT,"State Street Corp",183.07,-1.47%,179.45,186.03,144.9,151.82,"New Below 50",-6.20%,0.89,1381000,47.38,+65.04
STX,"Seagate Technology",850.24,+2.12%,890.76,852.19,562.95,657.1,"Below 50",-25.74%,0.6,3239600,48.26,+352.81
STZ,"Constellation Brands",134.14,+0.46%,135.64,132.6,145.02,147.3,"New Above 50",-20.44%,0.84,1499200,50.8,-18.50
SW,"Smurfit Westrock Plc",48.19,-1.07%,45.94,48.4,41.75,43.27,"Above 50",-8.47%,1.07,5625700,53.05,+13.72
SWK,"Stanley Black & Decker",98.85,-0.95%,92.37,99.1,80.28,82.9,"Above 50",-5.57%,0.66,1469500,54.26,+37.54
SWKS,"Skyworks Solutions",67.94,-0.79%,65.8,66.23,63.97,63.38,"Above 50",-25.26%,0.6,3419800,54.46,-6.87
SYF,"Synchrony Financial",76.71,-3.65%,75.83,78.07,74.8,73.14,"New Below 50",-13.59%,1.33,4187700,47.13,+5.28
SYK,"Stryker Corp",327.7,-3.61%,326.18,339.12,340.63,334.19,"New Below 50",-17.43%,0.93,2232200,46.23,-14.89
SYY,"Sysco Corp",83.06,+0.73%,82.46,83.85,78.97,80.46,"New Above 50",-9.57%,0.83,3022100,50.19,+5.55
T,"AT&T Inc",25.15,+0.12%,22.86,24.16,25.1,25.2,"Above 50",-15.58%,0.53,25231300,66.41,-9.75
TAP,"Molson Coors Brewing",42.61,+0.28%,40.85,42.01,44.32,43.57,"Above 50",-22.27%,0.89,2623100,55.33,-16.36
TDG,"Transdigm Group Inc",1180.4,-3.48%,1266.48,1249.08,1276.03,1258.54,"Below 50",-19.32%,1.01,440300,36.1,-16.30
TDY,"Teledyne Technologies",633.95,-2.26%,646.44,667.36,607.87,638.93,"Below 50",-9.13%,0.96,310700,38.12,+13.96
TECH,"Bio-Techne Corp",72.28,-0.28%,68.47,72.11,60.3,60.06,"New Below 70",-0.47%,1,3540000,67.35,+29.80
TEL,"Te Connectivity Ltd",200.54,-1.49%,206.5,210.99,218.33,213.39,"Below 50",-20.60%,0.86,1864100,40.45,-7.02
TER,"Teradyne Inc",383.15,+0.92%,385.47,378.39,306.5,344.63,"Below 50",-21.47%,0.55,1995900,49.84,+169.00
TFC,"Truist Financial Corp",50.23,-1.45%,51.31,52.22,49.35,49.87,"Below 50",-10.61%,0.86,5505000,37.92,+8.42
TGT,"Target Corp",158.25,-0.47%,140.18,149.36,118.45,126.31,"New Below 70",-2.30%,1.42,6059900,69.72,+71.61
TJX,"TJX Companies",140.69,-2.64%,156.56,155.4,155.23,156.37,"Below 30",-17.24%,2.09,12330100,25.54,-4.34
TKO,"Tko Group Holdings Cl A",195.45,-3.09%,192.83,189.62,197.08,196.8,"Above 50",-13.88%,0.98,1071500,54.24,+2.71
TMO,"Thermo Fisher Scientific",627.55,+2.28%,538.73,586.49,533.48,516.94,"Above 70",-2.55%,1.4,2750100,74.24,+32.31
TMUS,"T-Mobile US",181.22,-0.63%,181.78,178.93,196.06,193.57,"Above 50",-30.63%,0.85,4088700,50.49,-25.80
TPL,"Texas Pacific Land Trust",369.56,-0.97%,387.48,375.21,389.07,417.84,"Below 50",-32.46%,2.65,1095800,46.6,+12.66
TPR,"Tapestry Inc",129.82,-1.44%,145.45,147.52,137.13,143.69,"Below 50",-21.23%,1.34,4069100,34.14,+17.30
TRGP,"Targa Resources",302.25,+1.74%,271.98,272.24,231.08,249.36,"Above 50",-1.46%,1.76,2292700,69.42,+89.36
TRMB,"Trimble Navigation",59.68,+0.73%,53.83,57.64,65.85,61.16,"Above 50",-29.31%,1.18,3403000,60.66,-25.60
TROW,"T Rowe Price Group",112.19,-0.04%,113.68,114.26,103.14,103.03,"Below 50",-8.04%,0.63,1194900,46.26,+8.19
TRV,"The Travelers Companies",364.49,+0.63%,350.19,376.94,307.61,314.94,"Below 50",-8.58%,0.75,1434200,48.67,+36.91
TSCO,"Tractor Supply Company",35.05,-1.10%,31.75,33.59,42.95,39.69,"Above 50",-44.27%,0.64,7545800,61.03,-41.25
TSLA,"Tesla Inc",345.13,-1.71%,366.23,325.65,403.85,390.53,"Above 50",-30.81%,0.87,30766301,50.4,-9.50
TSN,"Tyson Foods",58.4,-0.26%,57.88,58.48,60.35,61.61,"Above 50",-15.95%,0.61,2002900,51.21,-0.21
TT,"Trane Technologies Plc",451.1,-0.96%,474,469.85,443.21,456.33,"Below 50",-10.83%,0.68,791500,38.64,+5.77
TTD,"Trade Desk Inc",13.32,-1.62%,17.62,16.02,26.72,22.39,"Below 50",-76.38%,0.46,14441899,32.06,-75.90
TTWO,"Take-Two Interactive",240.15,+1.31%,239.97,242.82,228.78,222.94,"Below 50",-9.70%,1.08,2445700,48.72,+6.14
TXN,"Texas Instruments",265.6,-0.69%,290.51,276.81,233.95,254.33,"Below 50",-20.49%,0.74,5277600,39.7,+31.59
TXT,"Textron Inc",84.37,-2.23%,89.93,88.48,90.04,91.56,"Below 50",-16.93%,0.75,1322400,37.33,-1.92
TYL,"Tyler Technologies",348.14,+0.36%,308.25,321.08,363.08,331.07,"Above 50",-38.84%,0.74,643400,64.66,-31.50
UAL,"United Airlines Holdings",111.71,-3.52%,123.32,123.74,107.42,108.19,"Below 50",-19.50%,1.26,4100400,35.25,+7.87
UBER,"UBER Technologies",78.55,+0.65%,72.71,73.2,77.2,74.05,"Above 50",-22.98%,0.84,17575800,61.5,-13.60
UDR,"United Dominion Realty Trust",37.69,+0.48%,38.99,38.2,36.95,37.39,"Below 50",-10.26%,0.59,2052200,43.71,-1.73
UHS,"Universal Health Services",172.87,+0.31%,157.11,168.85,188.95,176.89,"Above 50",-29.82%,0.58,555500,61.82,-9.22
ULTA,"Ulta Beauty Inc",515.14,-2.41%,489.51,520.9,555.18,548.91,"Above 50",-27.95%,0.87,496900,51.2,-6.05
UNH,"Unitedhealth Group",384.85,-0.97%,414.14,407.53,347.71,353.62,"Below 50",-16.63%,1.05,4497100,33.26,+25.20
UNP,"Union Pacific Corp",303.97,+0.72%,285.4,296.06,255.88,264.69,"Above 50",-3.80%,1.49,4107300,63.4,+38.45
UPS,"United Parcel Service",102.58,-0.27%,108.43,105.56,104.38,106.38,"Below 50",-16.20%,0.68,3740400,40.36,+10.66
URI,"United Rentals",1095.26,-1.95%,1097.38,1124.78,917.02,944.58,"New Below 50",-7.12%,1.2,543200,46.57,+22.42
USB,"U.S. Bancorp",61.78,-1.66%,62.24,63.96,55.87,57.44,"Below 50",-6.50%,0.89,5713300,39.7,+28.49
V,"Visa Inc",365.73,+0.05%,351.79,364.51,331.71,329.17,"Above 50",-2.20%,0.85,6151400,56.4,+9.81
VICI,"Vici Properties Inc",26.57,+0.76%,26.69,26.44,28.1,27.9,"New Above 50",-21.66%,0.57,5688500,51.67,-18.86
VLO,"Valero Energy Corp",341.51,-1.37%,291.28,319.54,229.79,248.41,"New Below 70",-3.17%,0.88,2263800,67.48,+144.35
VLTO,"Veralto Corporation",99.46,-0.64%,92.04,96.83,93.46,91.24,"Above 50",-9.67%,0.87,1374600,61.68,-2.79
VMC,"Vulcan Materials Company",270.67,-2.04%,288.24,280.4,289.4,288.37,"Below 50",-18.25%,0.57,583000,41.13,-10.00
VRSK,"Verisk Analytics Inc",187.68,+0.66%,187.97,191.18,195.98,187.98,"Below 50",-31.70%,0.56,908500,49.73,-26.05
VRSN,"Verisign Inc",276.9,+1.42%,273.49,285.84,259.31,263.52,"Below 50",-11.39%,0.65,548200,46.75,+5.61
VRTX,"Vertex Pharmaceutic",540.26,-2.14%,488.61,502.04,459.36,464.55,"New Below 70",-2.43%,0.78,1062400,64.94,+40.29
VST,"Vistra Energy Corp",138.94,-2.63%,153.4,146.39,160.12,156.45,"Below 50",-36.79%,0.79,3736900,39.48,-28.85
VTR,"Ventas Inc",92.68,+0.90%,91.04,92.92,84.28,86.34,"New Above 50",-8.78%,0.58,2090700,51.98,+34.15
VTRS,"Viatris Inc",16.12,-0.77%,16.59,16.86,14.39,15.38,"Below 50",-12.34%,0.5,5329500,40,+48.35
VZ,"Verizon Communications",49.19,-0.34%,45.61,47.5,45.18,46.74,"Above 50",-4.82%,0.55,12546200,65.88,+13.95
WAB,"Wabtec Corp",292.31,+0.03%,279.05,296.39,249.58,262.1,"Above 50",-4.67%,0.77,767000,53.19,+49.73
WAT,"Waters Corp",404.69,-2.68%,380.29,397.12,358.64,349.29,"Above 50",-4.04%,1.39,1233800,56.32,+34.86
WBD,"Discovery Inc Series A",28.23,-1.05%,26.69,26.78,26.97,27.25,"New Below 70",-5.90%,0.76,17136299,66.5,+62.59
WDAY,"Workday Inc",197.32,-0.55%,149.23,175.47,161.84,142.79,"Above 50",-21.02%,0.59,3122900,65.79,+3.31
WDC,"Western Digital Corp",469.05,+1.51%,549.04,489.58,356.76,418.16,"Below 50",-41.36%,0.63,5365500,45.11,+319.87
WEC,"Wisconsin Energy Corp",108.51,-0.76%,112.92,109.92,112.02,113.43,"Below 50",-9.51%,0.83,2078600,41.39,-2.55
WELL,"Welltower Inc",237.4,+0.71%,231.46,236.76,208.19,213.5,"Above 50",-6.97%,0.84,2683400,53.87,+42.96
WFC,"Wells Fargo & Company",83.7,-2.61%,85.99,87.1,84.96,83.34,"Below 50",-14.38%,1.1,13729900,39.02,+3.59
WM,"Waste Management",224.92,-0.07%,227.88,228.22,224.21,227.7,"Below 50",-9.35%,0.85,1719300,43.88,-0.39
WMB,"Williams Companies",71.68,-2.13%,73.35,72.15,69.37,72.5,"New Below 50",-10.48%,1,6408700,45.94,+20.49
WMT,"Walmart Inc",103.84,-9.15%,113.93,112.5,118.51,121.27,"New Below 30",-23.17%,3.34,83633109,29.78,-3.26
WRB,"W.R. Berkley Corp",69.18,-0.62%,71.02,71.93,69.63,68.8,"Below 50",-12.39%,0.98,1606800,39.25,-3.75
WSM,Williams-Sonoma,235.7,-2.73%,231.42,240.96,202.17,207.1,"New Below 50",-7.53%,0.92,802200,48.25,+22.97
WST,"West Pharmaceutical Services",353.77,+0.28%,347.36,345.8,289.83,295.3,"Above 50",-8.35%,0.88,588400,56.18,+47.36
WTW,"Willis Towers Watson Public",341.15,+1.70%,297.95,331.39,299.14,290.54,"Above 50",-3.30%,0.77,458800,67.11,+8.88
WY,"Weyerhaeuser Company",24.62,0.00%,24.35,24.74,24.2,24.6,"Above 50",-11.28%,0.9,5105400,50.88,-5.07
WYNN,"Wynn Resorts Ltd",99.6,-0.50%,100.15,100.74,108.73,103.77,"Below 50",-26.07%,1.15,1815500,46.85,-14.64
XEL,"XCEL Energy Inc",78.71,-0.88%,79.35,78.67,78.87,79.44,"New Below 50",-6.55%,1.11,5248300,48.83,+3.93
XOM,"Exxonmobil Holdings Corp",166.15,+0.84%,148.68,157.92,142.3,150.21,"New Above 70",-5.82%,0.97,13803000,70.83,+49.63
XYL,"Xylem Inc",113.44,-2.38%,117.67,119.64,126.33,121.39,"Below 50",-26.47%,0.83,1510800,39.42,-21.62
XYZ,"Block Inc",80.08,-1.05%,78.15,80.97,67.94,68.86,"Above 50",-7.69%,0.6,2869700,50.37,+11.43
YUM,"Yum! Brands",152.33,+4.39%,153.19,149.44,154.56,155.88,"New Above 50",-10.47%,1.7,4281400,53.35,+1.28
ZBH,"Zimmer Biomet Holdings",98.97,-1.76%,92.39,97,90.89,90.56,"Above 50",-8.61%,0.52,1333500,57.73,-0.92
ZBRA,"Zebra Technologies",360.52,+1.66%,287.85,339.62,251.56,250.89,"Above 50",-6.66%,0.59,522500,65.38,+23.97
ZTS,"Zoetis Inc Cl A",75.02,-2.16%,76.01,75.52,105.57,99.68,"New Below 50",-52.82%,0.58,3917200,48.72,-47.28
$VIX,"CBOE Volatility Index",16.01,+7.52%,16.9,16.18,18.51,18.99,N/A,-54.65%,0,0,49.66,-30.38
$TNX,"10-Year Treasury Note",4.69,+0.86%,4.57,4.67,4.33,4.39,N/A,-1.05%,0,0,55.51,+13.34
$DXY,"U.S. Dollar Index",98.73,-0.16%,100.52,99.87,99.17,99.26,N/A,-3.02%,0,N/A,28.94,+0.41
$SPX,"S&P 500 Index",7641.16,-0.87%,7532.9,7631.31,7090.27,7178.24,N/A,-2.25%,0,0,51.17,+18.68
RSP,"Invesco S&P 500 E.W. ETF",220.28,-0.81%,214.89,218.94,201.82,205.36,"Above 50",-1.41%,0.73,5566900,56.91,+18.37
"Downloaded from Barchart.com as of 08-20-2026 09:51pm CDT"
